Provinsi,Kab/Kota,Prob_Klaster_0,Prob_Klaster_1,Prob_Klaster_2,Prob_Klaster_3,Prob_Klaster_4,Prob_Klaster_5,Klaster
ACEH,Simeulue,0.0022242026566174334,0.0005669909769889672,7.646842149115392e-46,0.9343924925935827,0.06281631350470557,2.6810531096450615e-10,3
ACEH,Aceh Singkil,0.002588691524981995,3.0160827755348047e-10,1.2072107514253993e-36,0.020827977085961666,0.9765833310864466,1.0015260004682351e-12,4
ACEH,Aceh Selatan,0.038665008612364445,0.0015480466593937488,6.936654741121876e-25,0.9007317579762298,0.05698615467272079,0.002069032079291195,3
ACEH,Aceh Tenggara,0.02492788764810947,0.0007205623890734193,9.816750011422764e-26,0.9416447463880829,0.03204330402451558,0.0006634995502186553,3
ACEH,Aceh Timur,0.10696837850089867,0.0007374941481265673,3.2530555313194996e-24,2.3192838461385755e-05,0.89042376089072,0.001847173621793225,4
ACEH,Aceh Tengah,0.001076720678180946,0.9922285852717248,2.201127884866866e-53,0.00636271072119457,0.00032068728020659534,1.1296048693112615e-05,1
ACEH,Aceh Barat,0.007704543285468014,6.888106897517303e-05,3.283229687568537e-37,0.00016476461747149383,0.9920617913636077,1.966447756978653e-08,4
ACEH,Aceh Besar,0.10802409284222443,5.415830663541484e-05,6.259156004283738e-21,9.857177985177561e-10,0.8887387539328813,0.0031829939325411427,4
ACEH,Pidie,0.0039840021776623895,1.7995373671352903e-05,5.745237787255006e-39,1.1796114249049337e-05,0.9959862045443351,1.790082085613434e-09,4
ACEH,Bireuen,0.009340370381105849,0.9599405349400325,3.318519604126628e-36,1.092894345672164e-10,0.020205802453967702,0.010513292115604414,1
ACEH,Aceh Utara,0.04355566141328381,8.139052313264657e-07,1.0193328674914485e-26,8.374508989290063e-37,0.9564306948682385,1.2829813246226295e-05,4
ACEH,Aceh Barat Daya,0.0010935082645071648,0.10115754653505438,1.3200531682691281e-47,0.8965893181246138,0.0011593531376812279,2.7393814343492677e-07,3
ACEH,Gayo Lues,0.00011271289670908927,0.0840468508221061,1.5264254814825607e-75,0.9157700557846717,7.038049223800334e-05,4.275186999438967e-12,3
ACEH,Aceh Tamiang,0.15670170596751687,0.15815887640805282,2.5380101430366406e-27,0.37483343809411795,0.2916951869510024,0.01861079257931002,3
ACEH,Nagan Raya,0.015409965741704766,0.4580753159308799,1.6168870272505815e-46,0.005630125899182761,0.5208840849258947,5.075023379155001e-07,4
ACEH,Aceh Jaya,0.0022779378996694083,0.47655506680528786,5.3926383026902804e-42,0.5209563210642252,9.043708801956659e-05,0.00012023714279792173,3
ACEH,Bener Meriah,0.00042104772543762763,0.28183752915999977,1.0945137124410737e-77,0.7175936224945998,0.00014780045201709567,1.6794553939816878e-10,3
ACEH,Pidie Jaya,0.0001379438907880775,0.03313210915622196,1.9392298134042411e-62,0.9656083601433368,0.0011215867951446137,1.450855306139245e-11,3
ACEH,Kota Banda Aceh,0.2377523940551475,1.0895580869549238e-07,3.805291001262939e-07,2.3033201881282553e-26,0.31334692245680634,0.44890019400313746,5
ACEH,Kota Sabang,0.0033692041270418213,0.36791717661811985,4.151682849466432e-47,0.6283035906601213,0.0004077835896052741,2.245005111855808e-06,3
ACEH,Kota Langsa,0.08218074420134623,6.838649605388897e-05,3.161863660875803e-17,0.8147951527321959,0.05346847335760678,0.04948724321279719,3
ACEH,Kota Lhokseumawe,0.5658668844717768,3.435625271651895e-16,1.3417787733106675e-05,1.0338184887552418e-05,0.4317491710667034,0.0023601884888984873,0
ACEH,Kota Subulussalam,0.013452570989641005,0.00022852182272604439,6.894028063381614e-38,0.8174739753652981,0.168844904988211,2.6834124134012243e-08,3
SUMATERA UTARA,Nias,0.0005502232043678187,0.21229784468541277,2.3256840684952454e-55,0.786911797194429,0.00024009479711277105,4.011867765475798e-08,3
SUMATERA UTARA,Mandailing Natal,0.042452452622184125,0.0399537943227241,2.4096857005467403e-19,2.001286627519891e-07,0.04881382662939425,0.8687797262970347,5
SUMATERA UTARA,Tapanuli Selatan,0.0026786786169021876,0.7139048787145222,3.8834027736175525e-29,9.114840660945983e-10,0.0008873300198947654,0.28252911173719675,1
SUMATERA UTARA,Tapanuli Tengah,0.24365654290237956,0.0006585757072138326,1.1564665811606774e-19,0.007559746040204553,0.7115167591584474,0.03660837619175457,4
SUMATERA UTARA,Tapanuli Utara,0.0009187965987350541,0.9794030820317442,8.831173555428425e-46,0.001191433078992581,3.599889299389924e-06,0.018483088401228823,1
SUMATERA UTARA,Toba Samosir,0.0017282366283443789,0.950373626511257,1.3951158580972315e-48,0.0030988740634787324,1.2776800713655441e-06,0.044797985116848404,1
SUMATERA UTARA,Labuhan Batu,0.07130106687695817,6.133322637333173e-05,1.67327885167765e-19,5.298863914793784e-82,0.2941349631362004,0.6345026367604683,5
SUMATERA UTARA,Asahan,0.2369072971257136,8.857853314421071e-07,7.723911375091562e-17,4.80083830405971e-108,0.4408653153896474,0.3222265016993074,4
SUMATERA UTARA,Simalungun,0.08728085080748411,3.9779683035773517e-07,4.0026728755197075e-26,1.7555545686215333e-123,0.42227409881385136,0.4904446525818341,5
SUMATERA UTARA,Dairi,0.0007955141662795023,0.9366498290377131,3.8139803335829226e-43,0.0002143730443789384,2.514659306265138e-06,0.06233776909232215,1
SUMATERA UTARA,Karo,0.005252299908266362,0.15661678626094688,4.1566652559730785e-40,8.751132678256455e-27,0.001527176984620946,0.8366037368461657,5
SUMATERA UTARA,Deli Serdang,0.9980648151742905,3.3928349031864293e-66,0.0019351848257090681,0.0,6.254487369753907e-16,1.0813024089717234e-27,0
SUMATERA UTARA,Langkat,0.2120702504002339,5.8698624225294956e-08,2.1024140553426334e-23,6.98925995946105e-139,0.4779047831136176,0.3100249077875242,4
SUMATERA UTARA,Nias Selatan,0.0016903042073650866,0.31194241915508514,5.50317678298217e-50,0.6824844681582645,0.003882539323528947,2.691557563505585e-07,3
SUMATERA UTARA,Humbang Hasundutan,0.0006098479683436472,0.9468399852785958,2.489279237888797e-43,0.04398082053326283,1.4520754163634854e-06,0.0085678941443814,1
SUMATERA UTARA,Pakpak Bharat,0.001074525183593888,0.9755999786912625,2.860198977741313e-46,0.01851182468309983,9.250660488749141e-08,0.004813578935438804,1
SUMATERA UTARA,Samosir,0.0023336252299878913,0.7957413898985385,6.584126822513835e-59,0.2016926126529601,1.646637959669933e-06,0.00023072558055399278,1
SUMATERA UTARA,Serdang Bedagai,0.010742526263629764,0.0068498204052028465,1.0228746207978584e-27,2.8813905042375454e-53,0.03975733985846377,0.9426503134727036,5
SUMATERA UTARA,Batu Bara,0.2112858679302929,1.4694856157073942e-05,3.2174180020785896e-21,1.8717672832163825e-85,0.6086727987614629,0.1800266384520871,4
SUMATERA UTARA,Padang Lawas Utara,0.0012786767786362554,0.9478917755685007,5.8128924246419495e-36,4.1501980620347235e-07,0.00015739844545457367,0.050671734187602284,1
SUMATERA UTARA,Padang Lawas,0.0024068595287620206,0.7755620416512098,1.0797682760991828e-28,5.831488070606401e-06,0.0004329439686262283,0.22159232336333137,1
SUMATERA UTARA,Labuhan Batu Selatan,0.01568336590276775,0.0066134075397158605,3.602319011413886e-24,4.632572387554453e-51,0.06538407470016983,0.9123191518573466,5
SUMATERA UTARA,Labuhan Batu Utara,0.03980569369667485,0.008019505812140301,1.3095370064514783e-21,6.73946711852551e-41,0.17001135310109983,0.7821634473900851,5
SUMATERA UTARA,Nias Utara,3.391770287593727e-07,0.0005672249192841665,1.8886884361280193e-95,0.9983014288202698,0.0011310070834172688,2.3522864915452483e-22,3
SUMATERA UTARA,Nias Barat,1.5184347163360786e-07,0.00016456017542658898,2.7596271392342486e-119,0.9998046928172902,3.059516381167804e-05,9.1735896188992e-25,3
SUMATERA UTARA,Kota Sibolga,0.3038503094547039,9.879301978219046e-09,1.1446786528626663e-13,0.1905005349970125,0.5007160385471987,0.004933107121668435,4
SUMATERA UTARA,Kota Tanjung Balai,0.17911931315422694,0.007654491029608671,4.460024651363769e-24,0.33233933907459046,0.4699138765895378,0.010972980152036122,4
SUMATERA UTARA,Kota Pematang Siantar,0.6610473924256571,1.0166179209736709e-14,0.002079355781515018,1.3237629906586682e-08,0.28916259853035753,0.047710640024829915,0
SUMATERA UTARA,Kota Tebing Tinggi,0.28215176815178356,1.8912872542926302e-07,1.0883813361736924e-11,0.39888078518783193,0.20242718902213377,0.11654006849864139,3
SUMATERA UTARA,Kota Medan,0.0011221655804936658,0.0,0.9988778344195065,0.0,2.4158406666559046e-115,1.7146601837900887e-134,2
SUMATERA UTARA,Kota Binjai,0.02993792074924075,9.387389869718862e-06,1.4897516147623438e-09,0.00019921902442401117,0.02009050879469531,0.9497629625520186,5
SUMATERA UTARA,Kota Padangsidimpuan,0.02563787320135362,5.685165609563278e-05,3.5734855931338076e-13,0.42996469856442787,0.005990535470962146,0.5383500411068034,5
SUMATERA UTARA,Kota Gunungsitoli,0.002043391301900397,0.031983275784462036,4.167177911312623e-43,0.9600976620796265,0.005875232589180625,4.3824483035689313e-07,3
SUMATERA BARAT,Kepulauan Mentawai,0.0008636276243608671,0.5176911618460879,3.823432353780002e-51,0.48137540071573953,6.553667030938846e-05,4.273143502266585e-06,1
SUMATERA BARAT,Pesisir Selatan,0.013804928088022611,0.02886449998151535,3.305655763419116e-18,4.8860834750754104e-08,0.01134570735830927,0.945984815711318,5
SUMATERA BARAT,Solok,0.0043847667857829994,0.38711201003114865,2.1179016976291893e-24,1.92543072623686e-09,0.0020551901928270245,0.6064480310648107,5
SUMATERA BARAT,Sijunjung,0.0007097106411135812,0.7999276998658343,8.102119234263389e-29,0.0008183512869503116,2.6504181818819195e-05,0.19851773402428294,1
SUMATERA BARAT,Tanah Datar,0.0015454578038231034,0.3427366149534579,6.4063806155621385e-21,2.458462823682097e-08,0.0004676758499155161,0.655250226808175,5
SUMATERA BARAT,Padang Pariaman,0.10303802525476362,1.6729092180141013e-06,1.50146070085173e-08,3.8658689608533694e-14,0.14543307632313127,0.7515272104982416,5
SUMATERA BARAT,Agam,0.006437923215535427,0.05414381936993376,8.345814711807111e-21,1.3176747647619453e-25,0.01258955467927639,0.9268287027352544,5
SUMATERA BARAT,Lima Puluh Kota,0.0013876270327086453,0.5775657910729766,2.9702148631321622e-36,1.3643335238163642e-14,0.00011696158776724985,0.42092962030653397,1
SUMATERA BARAT,Pasaman,0.005355552221555559,0.3051236846462813,1.612775647228385e-22,0.027734547977318377,0.0006372714415452709,0.6611489437132996,5
SUMATERA BARAT,Solok Selatan,0.0034461170950777476,0.1489233879060958,3.562033835084829e-23,0.5489626470467373,0.00013804910778193426,0.29852979884430725,3
SUMATERA BARAT,Dharmasraya,0.0036381230115231935,0.22281383141626646,2.9049260506131726e-21,0.00037543444979084846,0.0006998010298174372,0.7724728100926022,5
SUMATERA BARAT,Pasaman Barat,0.005374999557797454,0.16263502859652987,5.486519333485961e-22,1.239536313467873e-13,0.004672287349806222,0.8273176844957426,5
SUMATERA BARAT,Kota Padang,0.7937851289452794,1.7795806036625694e-35,0.2062148702933352,5.4634e-320,7.613623035738744e-10,2.2998254867930218e-14,0
SUMATERA BARAT,Kota Solok,0.0008834770436470141,0.03728625919641165,3.3262538630853293e-18,0.5280074065798526,1.3234709216111573e-05,0.4338096224708728,3
SUMATERA BARAT,Kota Sawah Lunto,0.0018191794497570107,0.0005901980865861256,1.8586155691156604e-13,0.5040300735764971,7.462058851689303e-05,0.4934859282984571,3
SUMATERA BARAT,Kota Padang Panjang,0.0024641480714802932,0.08167607837788111,4.26881579039823e-21,0.4453348435918656,3.46126376098455e-05,0.47049031732116303,5
SUMATERA BARAT,Kota Bukittinggi,0.004683654596046879,0.007938343721243456,2.0979857289813044e-15,0.053709751163539904,0.0008641066896106403,0.932804143829557,5
SUMATERA BARAT,Kota Payakumbuh,0.0067053444187854345,0.0008989242209773045,8.224043309404093e-15,0.37665712523118633,0.0008933454531981214,0.6148452606758447,5
SUMATERA BARAT,Kota Pariaman,0.002183392857173616,0.0019434228293699425,3.2083407711471464e-15,0.48373045812840876,0.00012004356026478732,0.5120226826247797,5
RIAU,Kuantan Singingi,0.02006756130411028,4.2148002971998655e-06,9.250094321497842e-39,3.745407927902405e-91,0.07968175112966679,0.9002464727659257,5
RIAU,Indragiri Hulu,0.09347108642268703,2.1481746959997036e-09,3.0027963012278323e-26,9.071263256234811e-149,0.8039322928012617,0.10259661862787631,4
RIAU,Indragiri Hilir,0.6836453661605308,2.869757439940337e-27,5.206035520373552e-28,0.0,0.31634892215491295,5.7116845557853764e-06,0
RIAU,Pelalawan,0.24137863563313516,4.094339999978676e-15,9.541141332162929e-37,1.691806978874325e-216,0.6644212463012258,0.09420011806563527,4
RIAU,Siak,0.9979594578038108,2.505832159873261e-36,2.1543537417941993e-18,0.0,0.002040542110048802,8.614036108022589e-11,0
RIAU,Kampar,0.9991355504762727,4.192968116743621e-34,6.2257699932906285e-22,0.0,0.00086442610046313,2.342326464728921e-08,0
RIAU,Rokan Hulu,0.037383089190501734,4.0091142063561535e-07,2.910462166568172e-40,1.6470790781237226e-109,0.19034344094259958,0.7722730689554781,5
RIAU,Bengkalis,0.9999999997746376,5.858525843442003e-71,2.2534719891180602e-10,0.0,1.511349184931761e-14,5.461903329259533e-24,0
RIAU,Rokan Hilir,0.8643276222327195,5.177350345142303e-26,2.5533284153514132e-26,0.0,0.1356543752982364,1.8002469044172207e-05,0
RIAU,Kepulauan Meranti,2.4843857682202e-05,0.011859866597092346,4.0196555894773683e-82,2.2154649255992847e-21,0.9881152895452255,1.303153510289678e-16,4
RIAU,Kota Pekanbaru,0.999917927725107,4.053867759665557e-67,8.207227485984748e-05,0.0,3.312782410900807e-14,1.5052533238363936e-28,0
RIAU,Kota Dumai,0.10052434506164196,3.7001074531662516e-06,4.873826022567494e-12,1.2647386044246181e-93,0.8676517799146172,0.03182017491141377,4
JAMBI,Kerinci,0.00046746858074587177,0.9264299097727873,3.2018672627980754e-37,0.0001885392574285216,4.600067141474825e-06,0.07290948232189687,1
JAMBI,Merangin,0.008641478402484163,0.4284250824028877,4.375226346147154e-25,4.960223941977468e-10,0.006102796560538041,0.5568306421380678,5
JAMBI,Sarolangun,0.015569343474642602,0.10580810595263831,2.6002145621538924e-21,1.391034366485065e-12,0.01942043235109664,0.8592021182202315,5
JAMBI,Batang Hari,0.00772461568923194,0.6183074881149841,1.5022621573994594e-29,4.0307289591451336e-16,0.008378476785595885,0.3655894194101877,1
JAMBI,Muaro Jambi,0.01421196206998924,0.017923306056603344,4.585152133939856e-16,5.4099358094233455e-33,0.0526127887262353,0.9152519431471717,5
JAMBI,Tanjung Jabung Timur,0.028496966434705857,0.031144667418473642,1.2977933060194627e-47,8.272723105532753e-41,0.02480395031812509,0.9155544158286956,5
JAMBI,Tanjung Jabung Barat,0.09226641778460229,7.417396805293294e-10,9.737095596086363e-39,3.50755715120509e-151,0.4409229487006697,0.46681063277298823,5
JAMBI,Tebo,0.0008314458258223406,0.6782833397578724,2.656744475685089e-32,8.882804109136379e-12,8.179142333017586e-05,0.32080342298409237,1
JAMBI,Bungo,0.008037109709629951,0.019234663300839144,7.304693305221203e-17,8.375758282341151e-18,0.012771858660263598,0.9599563683292672,5
JAMBI,Kota Jambi,0.8274922010305531,6.791195689904549e-13,0.00034179380930956713,7.014758434380453e-48,0.1517586544877532,0.020407350671705016,0
JAMBI,Kota Sungai Penuh,0.0001379394229877505,0.8411107688841761,2.1461966968816007e-28,0.059396850676567275,5.032232869546552e-07,0.099353937792982,1
SUMATERA SELATAN,Ogan Komering Ulu,0.013749484734029677,0.9318468727341513,3.5180571249782073e-33,1.0492037460320926e-09,0.024658720220899592,0.02974492126171564,1
SUMATERA SELATAN,Ogan Komering Ilir,0.073353238688819,0.013739772771765963,1.806493578320532e-46,1.2428516307454992e-62,0.7846131850434456,0.1282938034959696,4
SUMATERA SELATAN,Muara Enim,0.988650291086317,2.0759846121680342e-20,7.61545126014725e-27,1.0998e-319,0.010298667899288532,0.0010510410143946347,0
SUMATERA SELATAN,Lahat,0.007282969446142789,0.8979525729782419,1.8130440843546973e-49,4.0249662726209675e-20,0.09458952545925026,0.00017493211636514382,1
SUMATERA SELATAN,Musi Rawas,0.013596671767074034,0.9307001219294359,9.062234990449349e-47,2.2502804881097924e-24,0.03299600060668844,0.022707205696801486,1
SUMATERA SELATAN,Musi Banyuasin,0.9917968306175935,2.4408510830905606e-23,3.0502723886199394e-41,0.0,0.00741413207900161,0.0007890373034046157,0
SUMATERA SELATAN,Banyu Asin,0.025724068357638442,0.005851920462930001,2.6320297151591425e-32,5.495357940673733e-60,0.12752158508884745,0.8409024260905841,5
SUMATERA SELATAN,Ogan Komering Ulu Selatan,0.0012690205800065775,0.9853385633446597,2.0891751823339788e-38,0.00611823938335882,8.177709602690919e-05,0.007192399595947954,1
SUMATERA SELATAN,Ogan Komering Ulu Timur,0.0022906501259485172,0.9271876399833492,4.037521465874469e-37,7.309464405446653e-12,0.0007551396378283114,0.06976657024556453,1
SUMATERA SELATAN,Ogan Ilir,0.001481595504774753,0.9974652370861646,5.5199648444409e-46,1.2018778707500753e-05,0.0006441275141030146,0.0003970211162501461,1
SUMATERA SELATAN,Empat Lawang,0.0008769548196300922,0.7864515279841138,2.485754217716547e-49,0.2125771505380861,1.9623717734398114e-05,7.474294043574054e-05,1
SUMATERA SELATAN,Penukal Abab Lematang Ilir,0.002328654409772853,0.8430610516817209,3.137765325352945e-40,0.15353831291082332,0.00033309495485875807,0.0007388860428242229,1
SUMATERA SELATAN,Musi Rawas Utara,0.0032033363233525546,0.00010426867189421725,1.0212334066592805e-43,0.05026429768075688,0.9464280971508287,1.7316762015814096e-10,4
SUMATERA SELATAN,Kota Palembang,0.9998262979486422,3.638402202769813e-154,0.00017370205135757843,0.0,1.237182351611123e-49,2.4292291700154627e-53,0
SUMATERA SELATAN,Kota Prabumulih,0.0916121840255746,0.0872526971668146,3.815928593714898e-25,0.6903857298428112,0.08258792359533296,0.048161465369466534,3
SUMATERA SELATAN,Kota Pagar Alam,0.0007032761081906292,0.9178106992936143,1.0707769206462476e-44,0.07547758513614605,2.8005537140969266e-07,0.006008159406677712,1
SUMATERA SELATAN,Kota Lubuklinggau,0.035052019747874495,0.0035752461765515206,6.787257325377923e-26,0.9097676135268935,0.04952189987632327,0.002083220672357164,3
BENGKULU,Bengkulu Selatan,0.000398983760457792,0.34654788573683265,5.223203072272937e-64,0.6526564137203084,0.0003967140890791987,2.6933218984493347e-09,3
BENGKULU,Rejang Lebong,0.0010452113712296966,0.996063559964867,2.55434757258734e-56,0.0024519918132302762,0.000434996313389203,4.240537283830343e-06,1
BENGKULU,Bengkulu Utara,0.0018775015603509548,0.9569320535965372,9.409440036889083e-38,0.036308429101247076,0.00016125751292378812,0.004720758228941001,1
BENGKULU,Kaur,0.0002512111100623874,0.0597597718843372,1.2206628688964167e-59,0.9393195178601054,0.0006694989226779757,2.2281705735010033e-10,3
BENGKULU,Seluma,0.0002359797447096818,0.07169145448984801,4.6089191432204986e-60,0.9272149875499168,0.0008575779634175493,2.521079489990537e-10,3
BENGKULU,Mukomuko,0.0020368335749440278,0.5310313528153391,1.481993294620284e-37,0.4653031249159353,9.893110645644047e-05,0.0015297575873251432,1
BENGKULU,Lebong,0.0016971335863357855,0.660305763485813,9.040396155826827e-41,0.33729754971995213,2.4104209413103257e-05,0.0006754489984859116,1
BENGKULU,Kepahiang,0.0008085671783939547,0.6279423302205952,2.813640959960148e-57,0.371231007758985,1.5058020006295706e-05,3.0368220194905526e-06,1
BENGKULU,Bengkulu Tengah,0.0029303218342065156,0.42363458045106933,1.535912126001291e-30,0.5424397587740821,6.21769983245542e-05,0.030933161942317405,3
BENGKULU,Kota Bengkulu,0.014470117693333636,0.0024992023149091234,1.3704959783955384e-37,9.845679397084235e-32,0.9830165227863363,1.4157205420777075e-05,4
LAMPUNG,Lampung Barat,0.0010886641427456194,0.9584377644892816,4.659309822688705e-45,0.03997190971608771,6.48895347583318e-05,0.0004367721171266695,1
LAMPUNG,Tanggamus,0.0027801005788240206,0.9688016224129357,2.9429013218042477e-41,3.5479909477296786e-13,0.0012826950002059623,0.027135582007679453,1
LAMPUNG,Lampung Selatan,0.2941438241891651,7.524937811194199e-08,4.050434282761208e-31,4.2836497839797284e-144,0.6180909655177848,0.08776513504367184,4
LAMPUNG,Lampung Timur,0.09522430207578371,1.5852342701440428e-07,7.88486021704259e-47,5.485000816993323e-132,0.8168356448373815,0.08793989456340769,4
LAMPUNG,Lampung Tengah,0.997946129973633,4.9189913401740105e-27,1.623567012405793e-29,0.0,0.001993236343090035,6.063368327711594e-05,0
LAMPUNG,Lampung Utara,0.005220342364494651,0.0017891826250975536,1.3244402643989635e-44,6.463985746571043e-37,0.9929901793797969,2.95630610875047e-07,4
LAMPUNG,Way Kanan,0.0025123997555232857,0.9918272071256795,6.011327613716743e-42,9.185008274962921e-10,0.0019929701567371182,0.0036674220435592847,1
LAMPUNG,Tulangbawang,0.011227538750251837,0.1470771215148545,2.3293551026394558e-29,4.259436680338448e-32,0.02592112467902425,0.8157742150558694,5
LAMPUNG,Pesawaran,0.009188904458744577,0.9298474945774495,8.122824879964833e-42,2.8688663636837964e-14,0.05994724925180496,0.0010163517119721813,1
LAMPUNG,Pringsewu,0.014247175747339082,0.7057865052213974,1.3555246344114958e-26,0.0002052487323376058,0.006018243763091026,0.27374282653583487,1
LAMPUNG,Mesuji,0.0007601533143100634,0.8542104161634609,1.1412565514161927e-30,0.00029976973559169744,3.129952941279912e-05,0.1446983612572245,1
LAMPUNG,Tulang Bawang Barat,0.000938712459890368,0.8782668063208366,3.2353943638084786e-32,9.867917036400793e-06,6.510420782342578e-05,0.12071950909441322,1
LAMPUNG,Pesisir Barat,0.0009934819811258898,0.46106433418815307,4.1932967809615805e-49,0.5378229127577795,0.0001136457757808315,5.625297160701975e-06,3
LAMPUNG,Kota Bandar Lampung,0.9994237003794029,1.1947301038694807e-18,1.0871464623704869e-07,5.484477706995051e-249,0.0005553100419424298,2.0880864008470672e-05,0
LAMPUNG,Kota Metro,0.007174441343807773,0.15347784352268737,3.077810052098176e-24,0.650333576111023,0.0005836349472067448,0.18843050407527503,3
KEP. BANGKA BELITUNG,Bangka,0.00545264550286283,0.02096181317205527,1.9269328058269134e-15,7.071595536379745e-10,0.004629147070415877,0.9689563935475046,5
KEP. BANGKA BELITUNG,Belitung,0.0007356647406693615,0.8310105753017549,1.2572769666707685e-29,0.0012587387002520245,2.5204952361746835e-05,0.16696981630496194,1
KEP. BANGKA BELITUNG,Bangka Barat,0.0005540223750170296,0.7496062245181521,2.43187190845607e-23,1.8403450898237779e-09,0.00011662215704762043,0.2497231291094381,1
KEP. BANGKA BELITUNG,Bangka Tengah,0.002024276060443306,0.18492325992650505,4.218031191896848e-20,0.06596795003173209,0.00014453188164729956,0.7469399820996723,5
KEP. BANGKA BELITUNG,Bangka Selatan,0.0019400334937466302,0.10144829989271215,1.2152000829356358e-17,0.0739737454739314,0.0001922110532790332,0.8224457100863308,5
KEP. BANGKA BELITUNG,Belitung Timur,0.0010470859950352132,0.7799680502234388,3.2471318343303793e-28,0.024426084045403716,2.9528659321546414e-05,0.1945292510768007,1
KEP. BANGKA BELITUNG,Kota Pangkal Pinang,0.009560178530116353,0.0012514890878174134,2.065461564573191e-12,5.685029955374823e-07,0.007564999484683272,0.981622764392322,5
KEPULAUAN RIAU,Karimun,0.023280946742059556,0.00027429433432194693,2.059663582351388e-12,9.79545231080851e-07,0.02074032419468072,0.955703455181647,5
KEPULAUAN RIAU,Bintan,0.12892761532865377,6.322355566853623e-07,2.486513732213699e-07,8.005463720407903e-20,0.19118108795479347,0.679890415829623,5
KEPULAUAN RIAU,Natuna,0.005696468398676195,0.0666565677538232,1.6488676226408496e-18,1.4605878099280708e-23,0.011068444820092786,0.916578519027408,5
KEPULAUAN RIAU,Lingga,0.002692573117072467,0.16205649565406852,2.9892429329578185e-39,0.8345571829259815,0.0006302313242731109,6.351697860443606e-05,3
KEPULAUAN RIAU,Kepulauan Anambas,0.002315359973485945,0.39347924512298826,1.500190845809574e-41,4.854954975855649e-14,4.91630438142719e-05,0.6041562318596627,5
KEPULAUAN RIAU,Kota Batam,0.08907449750856246,1.9945909470932075e-168,0.9109255024914372,0.0,4.820798823313174e-54,5.149907732319406e-71,2
KEPULAUAN RIAU,Kota Tanjung Pinang,0.04188890869858799,0.010313275824304703,1.3436917898217336e-18,1.4842665021473917e-21,0.1163077595789306,0.8314900558981767,5
DKI JAKARTA,Kepulauan Seribu,0.10274215949898582,8.585034052163707e-09,6.486581220070848e-20,0.1258415105245728,0.7713961395664207,2.0181824986471514e-05,4
DKI JAKARTA,Kota Jakarta Selatan,1.6286329723470622e-41,0.0,1.0,0.0,0.0,0.0,2
DKI JAKARTA,Kota Jakarta Timur,2.7926009072356434e-20,0.0,1.0,0.0,0.0,0.0,2
DKI JAKARTA,Kota Jakarta Pusat,2.326652734173644e-49,0.0,1.0,0.0,0.0,0.0,2
DKI JAKARTA,Kota Jakarta Barat,4.214086665491757e-23,0.0,1.0,0.0,0.0,0.0,2
DKI JAKARTA,Kota Jakarta Utara,2.1565191560830736e-24,0.0,1.0,0.0,0.0,0.0,2
JAWA BARAT,Bogor,0.0001288313796937585,0.0,0.999871168620306,0.0,1.5965826240474843e-124,3.850051849453468e-142,2
JAWA BARAT,Sukabumi,0.9999134865346092,4.370451060839724e-28,8.57241954356941e-05,0.0,7.882641125123039e-07,1.0058426286134567e-09,0
JAWA BARAT,Cianjur,0.9917651776927123,3.9147352072266506e-14,4.019714540560836e-09,1.1353201303500617e-163,0.007106506979545749,0.0011283113079884307,0
JAWA BARAT,Bandung,0.999988771931338,6.905240833456047e-92,1.12280686621876e-05,0.0,1.5159765972130714e-23,3.8215757514540214e-33,0
JAWA BARAT,Garut,0.9995228304875988,1.9939649370894954e-18,5.729082387856429e-10,6.842797753166368e-253,0.00042984379122686475,4.732514826625437e-05,0
JAWA BARAT,Tasikmalaya,0.16008949857858398,1.5167081294479389e-05,6.078894548428755e-21,5.236489540299794e-91,0.478089030376776,0.3618063039633453,4
JAWA BARAT,Ciamis,0.034056203191185574,0.00037879836909243155,2.5160435221920616e-21,8.3563653211471e-72,0.17357752048703487,0.7919874779526872,5
JAWA BARAT,Kuningan,0.8716650608064509,1.7694233548305236e-16,7.309196808088035e-07,7.964277855320293e-39,0.12810140979182513,0.00023279848204296285,0
JAWA BARAT,Cirebon,0.9994721091885911,2.3694737241365253e-17,4.7165277084618894e-08,5.931622892598002e-178,0.00046853229617982493,5.9311349951966936e-05,0
JAWA BARAT,Majalengka,0.10559591687004692,0.0003946403217019216,1.659976980596295e-25,4.928258416348887e-73,0.5886573635098841,0.30535207929836716,4
JAWA BARAT,Sumedang,0.7533920805143922,9.110264134899123e-10,3.6153003560736173e-09,1.726259762088313e-82,0.20781056748813695,0.03879734747114413,0
JAWA BARAT,Indramayu,0.9999999999781153,5.3980392654023477e-42,3.995241997742902e-14,0.0,1.6567916273736298e-11,5.2767100852912384e-12,0
JAWA BARAT,Subang,0.9725337659889376,4.3901003564002395e-13,1.0294495203451461e-06,2.820981511516936e-122,0.024061962332268934,0.0034032422288342856,0
JAWA BARAT,Purwakarta,0.9984358928666004,4.7354929735488244e-29,0.0015640579492583247,0.0,4.862055074502726e-08,5.635904701019266e-10,0
JAWA BARAT,Karawang,8.001385127146904e-05,0.0,0.9999199861487288,0.0,8.451838612365563e-136,8.681710713703392e-153,2
JAWA BARAT,Bekasi,6.629951657085009e-13,0.0,0.9999999999993374,0.0,6.113714078999765e-301,0.0,2
JAWA BARAT,Bandung Barat,0.9996474732828075,7.691785595205573e-20,0.00015825589631903074,8.017429751906595e-150,0.0001807170153807372,1.3553805492590848e-05,0
JAWA BARAT,Pangandaran,0.0011650175195176754,0.946282759906282,3.8390784335198073e-35,5.951674610363169e-06,0.00010932214077324867,0.0524369487588168,1
JAWA BARAT,Kota Bogor,0.8894057824810984,2.279211638321943e-21,0.1104763299072493,9.823541917392728e-165,0.00011643358541595378,1.45402623622183e-06,0
JAWA BARAT,Kota Sukabumi,0.6198016135512513,5.11416080865487e-14,0.0013625856236288913,4.88136344005057e-07,0.2974409463218834,0.08139436636684137,0
JAWA BARAT,Kota Bandung,2.3029346950461635e-07,0.0,0.9999997697065303,0.0,7.905608866220628e-190,7.576341571729948e-238,2
JAWA BARAT,Kota Cirebon,0.7153993133015262,2.54066541607729e-12,2.0412990741814706e-05,1.843980949190286e-35,0.26081779677676703,0.02376247692842453,0
JAWA BARAT,Kota Bekasi,0.8587180174230633,5.148079144830854e-63,0.14128198257693655,0.0,6.184233035615627e-18,3.732055662761475e-27,0
JAWA BARAT,Kota Depok,0.9973538858193982,4.603829624257341e-31,0.00264244975652757,0.0,3.664424048632752e-06,2.5813060174127783e-14,0
JAWA BARAT,Kota Cimahi,0.6766901884936752,8.67199003000401e-23,0.3215133643520904,2.7841690864159235e-71,0.00178300937014648,1.3437784088120207e-05,0
JAWA BARAT,Kota Tasikmalaya,0.1429876440962842,6.072862960995775e-05,6.074779955139674e-19,1.2306358385810376e-30,0.8235127135830473,0.03343891369105873,4
JAWA BARAT,Kota Banjar,0.007553314329701838,0.002621131036845191,3.8808377810407853e-17,0.5651070034537854,0.0005720306198748115,0.4241465205597927,3
JAWA TENGAH,Cilacap,0.9999946988559493,2.6096351378344265e-110,5.301144051083339e-06,0.0,2.1329279595006716e-35,1.8140089461328818e-37,0
JAWA TENGAH,Banyumas,0.9849130992555758,1.6783218480483096e-16,4.257174745274121e-25,3.7168099724700885e-269,0.012579590568905405,0.0025073101755186964,0
JAWA TENGAH,Purbalingga,0.03627967889774689,0.005050629332698783,6.284684118948948e-34,3.267453091496139e-41,0.9576177707749995,0.0010519209945548452,4
JAWA TENGAH,Banjarnegara,0.03271004834174507,0.023086881197118356,5.288252115400355e-35,7.791305162887066e-30,0.9434702916067426,0.0007327788543941016,4
JAWA TENGAH,Kebumen,0.022622933513953294,0.0008463064702783386,1.053051983440698e-38,3.1648921261763936e-57,0.9764423488008243,8.841121494420759e-05,4
JAWA TENGAH,Purworejo,0.011262586960228837,0.8775198993675103,4.6492611773114295e-38,7.519469338236548e-22,0.02374923400891363,0.08746827966334741,1
JAWA TENGAH,Wonosobo,0.014744868147133617,0.10970264104343522,6.828639324672913e-43,1.031068466018999e-23,0.875523447581305,2.9043228126275065e-05,4
JAWA TENGAH,Magelang,0.07864981638764494,0.0003240079274052412,5.525466044292781e-28,3.1911343055082558e-80,0.46247108213903,0.45855509354591995,4
JAWA TENGAH,Boyolali,0.05879047260036684,0.00027406855792719146,2.8843802076881664e-25,5.063691588141598e-78,0.30202893700803196,0.6389065218336741,5
JAWA TENGAH,Klaten,0.22483302189875282,9.959799655329368e-07,1.3341920531455629e-28,3.9209612178209974e-123,0.6379841535962497,0.1371818285250322,4
JAWA TENGAH,Sukoharjo,0.05098908522012073,7.146302707546054e-07,9.520678190707138e-30,9.62127102947296e-115,0.31537109367135596,0.6336391064782525,5
JAWA TENGAH,Wonogiri,0.029526048675773707,0.0015594676192323901,3.366052130153562e-42,4.6925692019692604e-65,0.11037395447419353,0.8585405292308005,5
JAWA TENGAH,Karanganyar,0.17858762203327155,2.7174421841241985e-06,3.7741185577505764e-21,3.6998472686900364e-107,0.4524179540638673,0.36899170646067725,4
JAWA TENGAH,Sragen,0.13131489457930828,6.338217481358229e-06,2.1788823152764193e-33,4.981032810206486e-113,0.7190079072217023,0.1496708599815079,4
JAWA TENGAH,Grobogan,0.06392054834779774,0.022736900978211818,1.996365110343972e-33,1.6581996002200216e-55,0.4890397518765861,0.4243027987974042,4
JAWA TENGAH,Blora,0.048270213661461364,0.14489620423753694,5.910125706159859e-36,1.3134958330857217e-43,0.2548010237839973,0.5520325583170043,5
JAWA TENGAH,Rembang,0.012080679452510673,0.8547477011106892,9.689851998360712e-47,1.2106288693945108e-23,0.13204756727876693,0.0011240521580331397,1
JAWA TENGAH,Pati,0.21577533466828433,6.735043017803187e-09,5.684397330520546e-26,1.3707023968722857e-153,0.502530986031367,0.28169367256530553,4
JAWA TENGAH,Kudus,0.999999995604723,3.4289760366569772e-65,4.85299759977846e-23,0.0,4.395276815289742e-09,1.1426997299435965e-17,0
JAWA TENGAH,Jepara,0.01761635039905548,0.0011145086788528441,1.1761621511015286e-24,1.8246142042368915e-66,0.08990050934455862,0.8913686315775331,5
JAWA TENGAH,Demak,0.07948956414870974,0.024241766040161285,3.985353502952153e-29,5.894159565560764e-47,0.6416334589442729,0.2546352108668562,4
JAWA TENGAH,Semarang,0.49667096230042734,2.125844006428979e-12,1.1542250481294346e-19,3.2668144201724323e-202,0.48195076146255417,0.02137827623489284,0
JAWA TENGAH,Temanggung,0.009754974434942375,0.2545959942906327,1.2159900371162627e-38,4.569031847133188e-30,0.008723049583849164,0.7269259816905758,5
JAWA TENGAH,Kendal,0.8217232573518628,2.561913491193391e-10,3.0280085617616446e-13,1.718056895910094e-150,0.14193032979016698,0.03634641260147607,0
JAWA TENGAH,Batang,0.05642154768222719,0.0026539118382297145,1.7175307029600834e-17,4.894023700016474e-29,0.18871263040372352,0.7522119100758197,5
JAWA TENGAH,Pekalongan,0.020259628701668246,0.14281104436172623,6.931363017807638e-30,8.170246100832417e-35,0.06546552204229299,0.7714638048943125,5
JAWA TENGAH,Pemalang,0.04215096242389214,0.0003783626844649139,1.928273468399455e-31,5.626621805477655e-48,0.9569891824814236,0.0004814924102193701,4
JAWA TENGAH,Tegal,0.9099240792484774,3.874216465055245e-12,5.124761105922789e-05,5.163993419630216e-89,0.07826191475036941,0.011762758386219771,0
JAWA TENGAH,Brebes,0.9970821405018089,6.964733972484887e-15,2.0080476139589457e-19,8.51323058019312e-174,0.0029050937914835684,1.2765706700161271e-05,0
JAWA TENGAH,Kota Magelang,0.17165875447776444,6.510488865395207e-08,5.36604424261332e-08,0.014195500195252645,0.10640971959491159,0.7077359069667402,5
JAWA TENGAH,Kota Surakarta,0.9788572573983184,4.3552817093082115e-14,6.100294536887628e-11,8.14938892111412e-203,0.019370232987706654,0.001772509552928483,0
JAWA TENGAH,Kota Salatiga,0.015631969663906783,0.0002121993712866334,4.421713164668873e-11,1.8656344564361364e-07,0.014367868161366834,0.9697877761957769,5
JAWA TENGAH,Kota Semarang,0.03259512239013633,1.0447527813600573e-300,0.9674048776098636,0.0,8.71341778640781e-87,7.199363491314158e-118,2
JAWA TENGAH,Kota Pekalongan,0.026485393373531837,0.0009121163093100822,3.678820134983553e-14,0.0011564249856154708,0.015509181250849113,0.9559368840806567,5
JAWA TENGAH,Kota Tegal,0.11333067502538523,3.971978229917952e-06,9.082802472964906e-10,1.318729589628718e-11,0.1640058969031721,0.7226594551717451,5
D I YOGYAKARTA,Kulon Progo,0.002169731898648269,0.9516187698229464,6.027777696846375e-56,3.6274147654774125e-07,0.04621094207790367,1.934590251685537e-07,1
D I YOGYAKARTA,Bantul,0.0691097234565192,0.046555058448227805,1.5346298379880586e-38,6.869569811896451e-54,0.7280298086436985,0.1563054094515547,4
D I YOGYAKARTA,Gunung Kidul,0.013950828457982114,0.8103531201669927,9.62383800575993e-63,7.348128065023193e-26,0.1756282426112146,6.780876381049783e-05,1
D I YOGYAKARTA,Sleman,0.565939705355263,3.5540453244516107e-12,3.929641296649498e-20,1.2457842775040501e-200,0.3996381878903464,0.03442210675083671,0
D I YOGYAKARTA,Kota Yogyakarta,0.8865103652066807,2.68415592033254e-11,4.969822388191157e-06,6.8670979065744605e-115,0.10194425424025996,0.011540410703829709,0
JAWA TIMUR,Pacitan,0.0042782663972870325,0.9910388913917804,5.753997655223704e-56,2.7317393978085914e-14,0.004174815888958721,0.0005080263219465933,1
JAWA TIMUR,Ponorogo,0.014380808142856097,0.3175690864659386,5.470247648874205e-29,2.8116753985789806e-25,0.03122231322207752,0.6368277921691278,5
JAWA TIMUR,Trenggalek,0.008104094541689394,0.9030983940991067,5.953563308771088e-38,1.655962422917893e-19,0.0127906652595835,0.0760068460996203,1
JAWA TIMUR,Tulungagung,0.09476358748354356,2.827702975160827e-06,9.419900153975897e-21,1.0197728503004458e-109,0.47329773569489364,0.4319358491185874,4
JAWA TIMUR,Blitar,0.03763319313923703,1.4829466684267351e-05,1.0311808540692586e-30,9.729486420632033e-98,0.21136589839716655,0.7509860789969123,5
JAWA TIMUR,Kediri,0.19837702134233232,2.623703951817133e-07,3.2834311051441754e-26,9.126569486890014e-131,0.49953358548347876,0.30208913080379374,4
JAWA TIMUR,Malang,0.9999999999861315,5.546868202240761e-60,2.8536384092775966e-20,0.0,1.3867689622489479e-11,6.696283177159948e-16,0
JAWA TIMUR,Lumajang,0.022198640869789756,0.0005594681335275474,1.1734154155053448e-32,2.23130410537663e-73,0.11130276255490777,0.8659391284417749,5
JAWA TIMUR,Jember,0.9999921092856668,4.361538884417525e-35,1.0614976410478856e-20,0.0,7.872015282732714e-06,1.8699050237705143e-08,0
JAWA TIMUR,Banyuwangi,0.9999824303896039,1.4122905556978336e-36,3.468547424837327e-17,0.0,1.756904651938694e-05,5.638765347427496e-10,0
JAWA TIMUR,Bondowoso,0.026238823536952564,0.7193325827413372,1.1829023030912205e-38,7.556306748158054e-23,0.24544668832255187,0.008981905399158423,1
JAWA TIMUR,Situbondo,0.012847711146784548,0.8773820807252997,4.915882496969817e-38,2.46575237028335e-22,0.03216249874924772,0.07760770937866811,1
JAWA TIMUR,Probolinggo,0.015641535624938724,0.0003186987634751685,1.1807390883232677e-50,1.0547614084429595e-83,0.9839808706678062,5.8894943779810985e-05,4
JAWA TIMUR,Pasuruan,0.9999999999999298,4.043321903832726e-163,7.01369858741149e-14,0.0,4.2429251845174553e-39,9.810027772452127e-51,0
JAWA TIMUR,Sidoarjo,0.0043772989711766425,7.524017204100538e-282,0.9956227010288236,0.0,8.107008441150103e-89,6.953810377532593e-112,2
JAWA TIMUR,Mojokerto,0.999999950913362,5.174556933452614e-44,2.4232858655608246e-20,0.0,4.904666520196001e-08,3.9972787497562113e-11,0
JAWA TIMUR,Jombang,0.4780085588115568,5.211988146614997e-08,7.886578388992673e-15,1.5444394125027024e-119,0.3622543846329932,0.15973700443556063,0
JAWA TIMUR,Nganjuk,0.057013906288175896,0.03383733262763635,1.952067887001731e-28,1.2366981787132612e-45,0.34743289627410845,0.5617158648100793,5
JAWA TIMUR,Madiun,0.04216006699796483,0.5113676448857442,7.862738567399558e-29,8.529757100523414e-20,0.14423982458350296,0.30223246353278815,1
JAWA TIMUR,Magetan,0.008848784816053652,0.653273686315306,9.202285537696349e-33,8.319422317573579e-21,0.012196492986213045,0.3256810358824273,1
JAWA TIMUR,Ngawi,0.018175577153624983,0.747573879792601,2.242822714957958e-42,9.296701826739376e-23,0.2323195695482085,0.001930973505565416,1
JAWA TIMUR,Bojonegoro,0.9999999997810045,9.191684244000612e-55,9.605624070302425e-29,0.0,2.16865432458379e-10,2.1299763918793536e-12,0
JAWA TIMUR,Tuban,0.988121938367361,4.793202130989669e-20,9.576644526479816e-39,1e-323,0.010771314972136632,0.0011067466605026238,0
JAWA TIMUR,Lamongan,0.15163922385593304,3.053416593211256e-06,1.2383192673995045e-32,5.83081790514706e-118,0.7105550103222134,0.13780271240526046,4
JAWA TIMUR,Gresik,0.999999999989388,4.5325385536248926e-138,1.0612149269491378e-11,0.0,1.522575146464933e-39,5.486535454679852e-43,0
JAWA TIMUR,Bangkalan,0.003128616493560273,5.528440188662189e-07,2.2536191845674223e-41,1.8094071807389302e-39,0.9968708302933129,3.6910803309258315e-10,4
JAWA TIMUR,Sampang,0.00024101545908656702,0.1021930672316481,1.4414096680120498e-79,2.4265791569520823e-25,0.8975659173083762,8.892305702983963e-13,4
JAWA TIMUR,Pamekasan,0.0036793263892514723,0.9836499429470829,1.7500137002096597e-49,4.415058175570874e-15,0.012287052064936863,0.0003836785987244834,1
JAWA TIMUR,Sumenep,0.007029395680259567,2.8505938937081106e-05,2.86821786872887e-72,7.465932609331335e-91,0.9929375745853362,4.523795467607802e-06,4
JAWA TIMUR,Kota Kediri,0.9999999999876685,2.551835643118615e-100,1.2331090928044456e-11,0.0,4.139820580538523e-22,1.1501133843395206e-32,0
JAWA TIMUR,Kota Blitar,0.02059422636638827,0.0010757337514494822,1.189217746172906e-15,0.39785363421641257,0.004866203485258623,0.5756102021804899,5
JAWA TIMUR,Kota Malang,0.996807069709737,3.8247254206835123e-35,0.0031928794340786624,0.0,5.085616880404078e-08,1.516108497152311e-14,0
JAWA TIMUR,Kota Probolinggo,0.017683937789471478,0.0035484613310093082,2.3462379935899174e-15,6.14221975177063e-05,0.01115487459485681,0.9675513040871424,5
JAWA TIMUR,Kota Pasuruan,0.010750849100047543,0.005786764882290917,3.652996855324143e-16,0.09657100991022029,0.002375138952768149,0.8845162371546728,5
JAWA TIMUR,Kota Mojokerto,0.011577142980372764,0.00024007870415582608,2.016772040437272e-13,0.2761941889640452,0.002327639965229465,0.7096609493859951,5
JAWA TIMUR,Kota Madiun,0.04425244780332224,4.8449913205082105e-06,3.2696893398701995e-08,1.6901521887118774e-09,0.051149258697649184,0.9045934141206626,5
JAWA TIMUR,Kota Surabaya,2.5185956110553933e-38,0.0,1.0,0.0,0.0,0.0,2
JAWA TIMUR,Kota Batu,0.009933620769645062,0.00416802476135605,9.83164059648348e-13,2.1152662941884227e-11,0.012871809760614942,0.973026544686248,5
BANTEN,Pandeglang,0.2143546716270132,1.0602443227506038e-05,2.4987968113065173e-14,9.533532380942882e-53,0.5102879374880291,0.2753467884417052,4
BANTEN,Lebak,0.2600424532927286,2.957869428394472e-06,4.748654824320877e-13,9.360923397566583e-60,0.46785136380372927,0.27210322503363865,4
BANTEN,Tangerang,0.9979805798619867,5.292565968813182e-128,0.002019420138013453,0.0,1.2239055639840095e-35,1.7451085412099565e-47,0
BANTEN,Serang,0.9616218183297838,7.430864254380104e-39,0.03837818135516997,0.0,3.1504531805674253e-10,6.715193072875423e-16,0
BANTEN,Kota Tangerang,0.9797288514469202,4.062814334801584e-155,0.020271148553079796,0.0,1.0841934227087988e-42,3.178681915197275e-59,0
BANTEN,Kota Cilegon,0.9506028712190496,9.709965257203122e-77,0.049397128780950005,0.0,9.948485896018863e-21,9.745145837892686e-33,0
BANTEN,Kota Serang,0.6838078437791382,5.148113140951652e-10,5.174074560691215e-05,3.2732636932323026e-72,0.26369974044309114,0.05244067451735228,0
BANTEN,Kota Tangerang Selatan,0.9998724961258473,5.923856580360908e-48,0.0001275023356721082,0.0,1.53848078053169e-09,3.133108148060118e-21,0
BALI,Jembrana,0.0008811266511667546,0.5555705007111573,6.156145460163574e-24,1.2720759596651381e-06,0.00011655844339363055,0.4434305421183226,1
BALI,Tabanan,0.002623357590231064,0.21963353581343278,3.756477835731444e-24,5.233404052287253e-24,0.002780904516387205,0.7749622020799488,5
BALI,Badung,0.14133173913089256,1.8648599598763205e-08,9.117140051926657e-10,2.3853243417907567e-119,0.85724669282641,0.0014215484823841753,4
BALI,Gianyar,0.04314190456112192,0.0005874424241874004,1.9617272113174442e-11,2.517469933942099e-34,0.15533316327849392,0.8009374897165793,5
BALI,Klungkung,0.0031275414959391168,0.06465841480090728,8.4403750841215085e-19,0.14619228938061074,0.000274828747135807,0.7857469255754069,5
BALI,Bangli,0.0001922976723602531,0.9034178118649258,1.5960316960446296e-36,0.026128061655912062,1.1015495155831584e-07,0.07026171865185035,1
BALI,Karang Asem,0.000906020345383576,0.6702132208349464,3.151905554772119e-35,5.48186786746924e-12,5.12732343155096e-05,0.32882948557987274,1
BALI,Buleleng,0.03564617730929648,0.0008368785213240097,9.504571122369119e-18,2.0009349671465477e-63,0.2000907027688813,0.7634262414004982,5
BALI,Kota Denpasar,0.27886495729735095,1.1989707845854163e-10,3.0525240587752015e-09,2.9281835724567418e-154,0.7208678419236174,0.0002671976066104396,4
NUSA TENGGARA BARAT,Lombok Barat,0.0029827646581627705,0.9905027513377243,8.239099655452865e-46,8.115040943419089e-12,0.0057399291464849496,0.000774554849512973,1
NUSA TENGGARA BARAT,Lombok Tengah,0.005622422387669704,0.9799379083357528,6.482566519014647e-49,4.2856039489734395e-17,0.004248380375337098,0.010191288901240382,1
NUSA TENGGARA BARAT,Lombok Timur,0.015307884688260127,0.8978372042476304,5.477679910679517e-51,3.690342609099736e-26,0.08324396764044824,0.0036109434236614377,1
NUSA TENGGARA BARAT,Sumbawa,0.0029373005195745066,0.991310247531785,7.597249651533428e-44,4.7419876692810915e-11,0.004163173733931066,0.0015892781672895346,1
NUSA TENGGARA BARAT,Dompu,0.0012252988076954742,0.9442442172611945,2.8971460663703695e-43,0.053783069442858,7.940804701226296e-05,0.0006680064412398627,1
NUSA TENGGARA BARAT,Bima,0.0021540716255333127,0.9974180992603546,5.937174336505866e-59,1.1388860091928815e-06,0.0003298325044750804,9.685772362790347e-05,1
NUSA TENGGARA BARAT,Sumbawa Barat,0.08089738499401544,0.07342273642094813,1.9363569411022589e-29,2.044784568765213e-33,0.7450044047976466,0.10067547378738996,4
NUSA TENGGARA BARAT,Lombok Utara,1.169746047914573e-07,0.000591343873480884,2.1476211366110616e-113,0.9988322690654831,0.0005762700864311611,1.0625013213339757e-24,3
NUSA TENGGARA BARAT,Kota Mataram,0.011068798999959847,0.10406252090788753,1.6321329245003828e-22,6.526155929630318e-20,0.019124307244022365,0.8657443728481302,5
NUSA TENGGARA BARAT,Kota Bima,0.0014276620421635432,0.6586216505175334,4.6090678472203895e-32,0.3031402307415953,1.1816006690924441e-05,0.03679864069201694,1
NUSA TENGGARA TIMUR,Sumba Barat,7.421989660906104e-09,3.5506006439606927e-05,4.2081969693749333e-122,0.9998317858482791,0.00013270072329155515,4.9787883135664197e-29,3
NUSA TENGGARA TIMUR,Sumba Timur,1.258773356028191e-08,0.00010874940344656455,9.102077064063636e-115,0.9783433555770821,0.021547882431737792,1.2994097227014118e-29,3
NUSA TENGGARA TIMUR,Kupang,0.00012774655433002202,0.05572130464859321,4.856470173286029e-73,0.8442001926222839,0.09995075617478758,5.152973704819401e-15,3
NUSA TENGGARA TIMUR,Timor Tengah Selatan,3.4473176392473808e-06,0.021425314141370763,1.0993146769001255e-102,0.9326175811629037,0.04595365737808641,8.881899970993231e-22,3
NUSA TENGGARA TIMUR,Timor Tengah Utara,1.4589673456576378e-05,0.003677654824261625,2.3799910827576453e-73,0.9920759788471242,0.004231776655157297,3.4220944712414643e-16,3
NUSA TENGGARA TIMUR,Belu,0.00399515207433098,0.007968854428047092,1.5144268928679552e-37,0.9791309201333819,0.008902555468961728,2.5178952782962414e-06,3
NUSA TENGGARA TIMUR,Alor,3.339628066639081e-05,0.0251174772843792,3.5738576600931804e-76,0.9745653191380159,0.0002838072969074955,3.099117366741448e-14,3
NUSA TENGGARA TIMUR,Lembata,1.2655831636349713e-06,1.7866528014370093e-05,6.875745621603257e-83,0.9501271326844264,0.049853735204395414,2.660574581495744e-23,3
NUSA TENGGARA TIMUR,Flores Timur,0.0022915521749247558,0.5326653958867149,5.475157050253453e-35,0.4597593927474267,9.109028598615591e-05,0.005192568904947543,1
NUSA TENGGARA TIMUR,Sikka,0.003956446770216268,0.12987364270897814,7.327854686842218e-36,0.8648318073649911,0.001057559905148011,0.0002805432506664575,3
NUSA TENGGARA TIMUR,Ende,1.0213642083186347e-05,0.02552937335015706,1.0232541641679106e-89,0.9690437865031236,0.005416626504636143,6.323501347060084e-18,3
NUSA TENGGARA TIMUR,Ngada,0.0013642596374691897,0.6545310624824755,1.8684436723465067e-43,0.34384687521792934,2.2417759343721686e-05,0.00023538490278233358,1
NUSA TENGGARA TIMUR,Manggarai,8.181750554127699e-05,0.020489546234640655,2.9378037084451328e-65,0.9772648134806109,0.0021638227782303223,9.768498900226664e-13,3
NUSA TENGGARA TIMUR,Rote Ndao,2.113311719743073e-08,2.4236466253262717e-05,1.7862206731121894e-103,0.9964601979432772,0.0035155444573523216,1.193041389408131e-27,3
NUSA TENGGARA TIMUR,Manggarai Barat,0.0011080419735671537,0.006681863408749919,3.782255914104589e-47,0.9843926868139269,0.007817403836647249,3.9671087608094366e-09,3
NUSA TENGGARA TIMUR,Sumba Tengah,4.648538036553431e-13,2.1509978664954436e-08,8.642744817291012e-165,0.999942300711705,5.767777785146954e-05,6.441925859482026e-45,3
NUSA TENGGARA TIMUR,Sumba Barat Daya,1.1182564575519568e-08,7.018107287575315e-05,5.0594970998265465e-118,0.999623971958915,0.00030583578564474177,5.454741526954531e-28,3
NUSA TENGGARA TIMUR,Nagekeo,0.002071995317357611,0.8461959034200713,9.602210297336888e-58,0.1516657416910723,8.888003619909807e-07,6.547077113685e-05,1
NUSA TENGGARA TIMUR,Manggarai Timur,9.579171088728899e-08,0.0003103774350873978,6.639041550192245e-109,0.9994782783979369,0.0002112483752647897,1.8762324380986558e-24,3
NUSA TENGGARA TIMUR,Sabu Raijua,7.05031238580969e-10,4.0800612549272634e-06,1.1341852059325945e-137,0.999932433690503,6.348554321094785e-05,1.3386704961369854e-33,3
NUSA TENGGARA TIMUR,Malaka,0.001037619270684487,0.1955261151211277,1.6842372215219652e-51,0.8031084197492381,0.0003277098981399416,1.3596080981083968e-07,3
NUSA TENGGARA TIMUR,Kota Kupang,0.5041841723006154,6.675076603657102e-10,2.6105830800985714e-06,7.002313254854417e-32,0.3792140431354151,0.11659917331338186,0
KALIMANTAN BARAT,Sambas,0.0035450691781640713,0.24798630759114634,3.423066107413481e-27,1.8881264543590142e-22,0.0034537782946082313,0.7450148449360813,5
KALIMANTAN BARAT,Bengkayang,0.0019032841621488105,0.4757518999489225,6.4959978558268965e-24,0.047006763724505185,9.516644854995963e-05,0.47524288571587353,1
KALIMANTAN BARAT,Landak,0.001294391930865908,0.9858061768802229,4.0822038756831224e-38,8.852038183472227e-05,0.00014107563363819237,0.012669835173438324,1
KALIMANTAN BARAT,Pontianak,0.016917496396656812,5.584417727837955e-06,7.632838998784948e-10,0.1481136494155533,0.004818563380134512,0.8301447056266437,5
KALIMANTAN BARAT,Sanggau,0.0017175725117030056,0.36623856188936493,4.9715750156627333e-26,2.9421293719749225e-21,0.0010398997909229523,0.6310039658080092,5
KALIMANTAN BARAT,Ketapang,0.10210858573969728,0.0002609118787088489,1.652971051266758e-16,3.533122932508648e-45,0.3557757584638989,0.5418547439176947,5
KALIMANTAN BARAT,Sintang,0.0027786894347403912,0.7943125956733379,3.0839071695468454e-30,4.448751505907079e-09,0.0008918789633487079,0.20201683147982152,1
KALIMANTAN BARAT,Kapuas Hulu,0.003129061901027808,0.8199119211844409,1.7154531610525256e-28,0.006439297734291213,0.0003067326578620288,0.17021298652237796,1
KALIMANTAN BARAT,Sekadau,0.0003324642047098032,0.8502659118680287,8.582396123218661e-32,0.0590412907285554,1.3010543067835122e-06,0.09035903214439926,1
KALIMANTAN BARAT,Melawi,0.0009068079807389947,0.8050554301107344,3.392039870076786e-44,0.19342284384692085,1.2679777991428872e-05,0.000602238283614273,1
KALIMANTAN BARAT,Kayong Utara,0.002220239335710415,0.5700112899149545,1.5479432887816366e-31,0.39558119158370414,2.4408625623032947e-05,0.0321628705400078,1
KALIMANTAN BARAT,Kubu Raya,0.0723130939603362,0.0002811682268797275,1.4840368631787845e-10,6.508201017243689e-42,0.31532192445598667,0.6120838132083939,5
KALIMANTAN BARAT,Kota Pontianak,0.7719692991993442,3.8867815478728014e-20,0.2231469061062245,1.3022532972060675e-82,0.004860973960713681,2.2820733717351895e-05,0
KALIMANTAN BARAT,Kota Singkawang,0.0962605382961477,4.097771189622249e-09,1.3826927563107673e-05,0.007041823460041578,0.0472921490794493,0.8493916581390273,5
KALIMANTAN TENGAH,Kotawaringin Barat,0.003540407011909194,0.21204527718584978,1.0477344501535938e-19,8.329245055029708e-20,0.0047492891218766636,0.7796650266803645,5
KALIMANTAN TENGAH,Kotawaringin Timur,0.012594889211919553,0.011595986138705213,5.397039097165069e-19,1.4036321171760438e-41,0.04903962447457083,0.9267695001748045,5
KALIMANTAN TENGAH,Kapuas,0.0026793105009793794,0.1832452173377012,3.013869409080556e-20,4.080535093635799e-12,0.0016718750791780146,0.8124035970780609,5
KALIMANTAN TENGAH,Barito Selatan,0.0006358707995290512,0.39461439509375035,1.6360038692773178e-23,0.2845946379926176,8.299409516878299e-06,0.3201467967045861,1
KALIMANTAN TENGAH,Barito Utara,0.0028287766749985443,0.14618604009629568,1.2557265436614668e-19,0.003390030787734851,0.0004175844400260767,0.8471775680009448,5
KALIMANTAN TENGAH,Sukamara,0.0007404240087649357,0.13046777587958827,1.4216286435385498e-20,0.4761274468401216,7.226336040755682e-06,0.3926571269354844,3
KALIMANTAN TENGAH,Lamandau,0.00010496759619384474,0.8807088584425037,3.337950878173585e-32,0.055040659296913604,8.18873795075365e-08,0.06414543277700949,1
KALIMANTAN TENGAH,Seruyan,0.0020016831884162203,0.6230228455567606,1.1424043588517649e-25,0.024345721615144814,0.00010797265553639596,0.35052177698414205,1
KALIMANTAN TENGAH,Katingan,0.002590363147766838,0.03119524028922113,6.112556196276485e-18,0.28393432250621947,0.00019330955114396935,0.6820867645056486,5
KALIMANTAN TENGAH,Pulang Pisau,0.00014740046166869023,0.8422818521434705,3.0048356296911293e-31,0.07802697170705894,1.5126039350862107e-07,0.07954362442740834,1
KALIMANTAN TENGAH,Gunung Mas,0.0002935711189464233,0.768054117243011,1.1752981272674137e-29,0.11646337145070189,8.467140360888177e-07,0.11518809347330457,1
KALIMANTAN TENGAH,Barito Timur,0.0004368843880553187,0.8469647321546501,2.9680187239103175e-30,0.023810865455360014,4.379832439407087e-06,0.12878313816949516,1
KALIMANTAN TENGAH,Murung Raya,0.0003532973433539584,0.8684102760136952,5.4767054240205995e-31,0.005089366649761648,3.832512594355709e-06,0.12614322748059473,1
KALIMANTAN TENGAH,Kota Palangka Raya,0.005254169488511203,0.03809074226436569,3.830908965118573e-15,2.6676348472098576e-10,0.004919207390329266,0.9517358805900267,5
KALIMANTAN SELATAN,Tanah Laut,0.0006401421909853278,0.64653410388535,3.0716131453379845e-26,1.098960010558806e-10,0.00010326301434834752,0.3527224907994203,1
KALIMANTAN SELATAN,Kota Baru,0.01741023544871782,0.010579953322237455,2.798800566420608e-16,1.5081874077290189e-38,0.07417994787952217,0.8978298633495224,5
KALIMANTAN SELATAN,Banjar,0.001176293578519653,0.6019960840222197,1.562888884888493e-22,2.1633852812985268e-14,0.0006049308433980017,0.39622269155584117,1
KALIMANTAN SELATAN,Barito Kuala,0.0002982530464631076,0.8320586120739868,9.514385876861974e-29,0.008177994946204862,3.434380565751944e-06,0.15946170555277947,1
KALIMANTAN SELATAN,Tapin,0.00149995518375385,0.23142916372750671,6.110864997877401e-19,0.03165782418862253,0.0001312347788399439,0.7352818221212768,5
KALIMANTAN SELATAN,Hulu Sungai Selatan,0.00017170515591323062,0.8900754718437087,1.0567908346070949e-32,0.02437910382373699,3.437733536462885e-07,0.08537337540328749,1
KALIMANTAN SELATAN,Hulu Sungai Tengah,0.0007344265492299142,0.6898801869938626,4.57074826474816e-27,0.0878183849666846,1.1093444925511797e-05,0.22155590804529754,1
KALIMANTAN SELATAN,Hulu Sungai Utara,0.002534610934094281,0.119004562132238,1.394698026814195e-22,0.5552252340057605,5.934201531363973e-05,0.32317625091259367,3
KALIMANTAN SELATAN,Tabalong,0.002653655538156326,0.17982631151139963,5.805234754455346e-28,1.013118675904629e-26,0.0023251145028967066,0.8151949184475474,5
KALIMANTAN SELATAN,Tanah Bumbu,0.030625468715959177,0.0010035255689833475,8.537000382956697e-12,1.4981036966682655e-28,0.09648590860849725,0.8718850970980231,5
KALIMANTAN SELATAN,Balangan,0.0005281604635737925,0.7603806235867868,9.630211762091861e-34,4.383181619271042e-09,1.81997736299303e-05,0.23907301179282775,1
KALIMANTAN SELATAN,Kota Banjarmasin,0.3468603098344935,1.056774196797277e-07,2.2107818310686185e-06,2.5090792151210313e-66,0.5546695709204502,0.09846780278580536,4
KALIMANTAN SELATAN,Kota Banjar Baru,0.0029685044003638305,0.029584548240917125,1.9489689003570958e-16,0.05675656197765011,0.00041566500753576624,0.9102747203735331,5
KALIMANTAN TIMUR,Paser,0.7830199629224402,8.13859465878574e-13,2.2761658547374996e-19,9.737235850288617e-211,0.1928205937906536,0.024159443286092035,0
KALIMANTAN TIMUR,Kutai Barat,0.04207866921148023,0.0014831516812480157,1.5015933780304903e-24,1.2546967764965614e-63,0.21593901862973985,0.740499160477532,5
KALIMANTAN TIMUR,Kutai Kartanegara,0.9999999999905453,1.1768086242104408e-224,9.454392141568727e-12,0.0,7.160256724564794e-53,4.973359843544482e-73,0
KALIMANTAN TIMUR,Kutai Timur,1.0,1.4282925699246294e-116,7.31952138800007e-18,0.0,3.494945896336627e-25,3.2417381361433864e-34,0
KALIMANTAN TIMUR,Berau,0.1796713991690101,2.495503922266881e-07,6.000658312687261e-15,1.2319066276745619e-120,0.7249458759004986,0.09538247538009292,4
KALIMANTAN TIMUR,Penajam Paser Utara,0.0005176850733269571,0.9114584345393935,1.7856730525705926e-33,0.001058017572515498,9.203516812278672e-06,0.08695665929795181,1
KALIMANTAN TIMUR,Mahakam Hulu,0.00199385382438957,0.7242532244493513,1.0311291370469807e-40,0.2729706217807727,2.033484172276993e-05,0.0007619651037637603,1
KALIMANTAN TIMUR,Kota Balikpapan,0.9970940737348712,2.553145816663483e-99,0.0029059262651287524,0.0,4.256021580350305e-24,3.742032409811445e-42,0
KALIMANTAN TIMUR,Kota Samarinda,0.9996798271535592,1.5041038760295615e-24,3.1539730756983372e-06,0.0,0.00031701541964285337,3.4537222203304122e-09,0
KALIMANTAN TIMUR,Kota Bontang,0.9950260415022928,6.713201803784019e-21,0.0044638570813556495,5.0927188596808195e-245,0.0005100546527162052,4.6763635076969123e-08,0
KALIMANTAN UTARA,Malinau,0.0016759392020684945,0.6342585009976175,2.502320497906991e-26,1.6091912321120867e-05,0.00021912410763955323,0.3638303437803532,1
KALIMANTAN UTARA,Bulungan,0.010164209637264958,0.5484629087532344,5.4788366599558e-28,3.3339844558365844e-15,0.012179519874042203,0.429193361735455,1
KALIMANTAN UTARA,Tana Tidung,0.0016650879046055341,0.03275360993720922,5.368676511504894e-19,0.49814068068426226,5.413816606891249e-05,0.4673864833078541,3
KALIMANTAN UTARA,Nunukan,0.005089843895795822,0.06617342138370695,1.9649876916802556e-24,9.955047748831608e-33,0.010294746711517174,0.91844198800898,5
KALIMANTAN UTARA,Kota Tarakan,0.034686751851222365,0.0004005801683386758,3.4560697391152464e-20,1.3229420798746615e-72,0.20241450857389748,0.7624981594065415,5
SULAWESI UTARA,Bolaang Mongondow,0.005208398801748796,0.3222069859160232,5.378257037110479e-23,0.1025322893364815,0.0004606446279897996,0.5695916813177567,5
SULAWESI UTARA,Minahasa,0.014119660346186311,0.013032949091929792,3.564232836744941e-17,1.8834789933404305e-14,0.020870975401335857,0.9519764151605291,5
SULAWESI UTARA,Kepulauan Sangihe,0.005767224492193957,0.136117785140017,1.596255539966582e-29,0.846367677169353,0.0005005171891933814,0.011246796009242626,3
SULAWESI UTARA,Kepulauan Talaud,0.0007564318843323478,0.931196111061364,9.267469848989984e-40,0.0582730937329501,4.916831977194747e-07,0.00977387163815584,1
SULAWESI UTARA,Minahasa Selatan,0.013477077907618294,0.5685824093802201,4.133738603313325e-25,0.03504459889070186,0.002679396211145787,0.380216517610314,1
SULAWESI UTARA,Minahasa Utara,0.06592810767109751,4.92222175995262e-06,1.8743538675399354e-09,6.654381522757191e-08,0.07100264265225915,0.8630642590367142,5
SULAWESI UTARA,Bolaang Mongondow Utara,0.015142152465554741,0.06023294884119966,1.4401021064333698e-21,0.487113296397089,0.00033180770743825434,0.4371797945887183,3
SULAWESI UTARA,Siau Tagulandang Biaro,0.0019840542466837206,0.8078921068673469,5.518811548512408e-33,0.15787855921717606,6.52323661110328e-06,0.03223875643218221,1
SULAWESI UTARA,Minahasa Tenggara,0.0015688350235749443,0.665196695620039,1.2092825240727261e-40,0.3325241495474157,8.434919730339492e-05,0.0006259706116669182,1
SULAWESI UTARA,Bolaang Mongondow Selatan,0.015697006996059103,0.18321575429371414,8.586576152389942e-34,0.7987055349964376,0.001405264437262168,0.0009764392765270261,3
SULAWESI UTARA,Bolaang Mongondow Timur,0.00820303301730584,0.0027550926659190436,1.9800826028609173e-16,0.22595138412910762,0.00023486187703466158,0.7628556283106325,5
SULAWESI UTARA,Kota Manado,0.748516926072117,1.0543891641735398e-19,0.24884579119695355,6.350551800231762e-93,0.0025986497179827685,3.863301294686855e-05,0
SULAWESI UTARA,Kota Bitung,0.37106945544552317,1.3369244272598598e-10,0.00038316515252986947,5.396117576487534e-13,0.2668769292439544,0.3616704500237603,0
SULAWESI UTARA,Kota Tomohon,0.07877698453445674,2.6712387374583037e-09,1.125887182190387e-06,0.11212771212360655,0.01507314966235947,0.7940210251211564,5
SULAWESI UTARA,Kota Kotamobagu,0.01694731397176908,8.980732840679613e-06,2.4605413114508216e-11,0.18639035578615706,0.0014653674395510594,0.7951879820450766,5
SULAWESI TENGAH,Banggai Kepulauan,0.0011110423184299177,0.5632791410936827,8.383761114353229e-47,0.4355314567763429,4.2722255907608786e-05,3.563755563697042e-05,1
SULAWESI TENGAH,Banggai,0.00729151177570791,0.01426351595420623,5.537813781682556e-29,2.4709660604802657e-47,0.019905685489615042,0.9585392867804708,5
SULAWESI TENGAH,Morowali,0.9999965144608576,3.081144920009108e-35,3.1870751261424087e-29,0.0,3.2300869372874048e-06,2.554522053846404e-07,0
SULAWESI TENGAH,Poso,0.0010599447090136227,0.9973003157980452,2.182622445316432e-56,0.0011102064666250989,0.0005252308174353473,4.3022088806676476e-06,1
SULAWESI TENGAH,Donggala,0.0021069248696423807,0.9870473154042917,1.030521002942336e-51,7.577669268888566e-07,0.010839993916025345,5.008043113669181e-06,1
SULAWESI TENGAH,Toli-Toli,0.0014185996503038461,0.9857836665847307,7.175289562303675e-45,0.01227691550446929,0.00024809486049368187,0.00027272340000244333,1
SULAWESI TENGAH,Buol,0.0019730200653989213,0.5425626905394703,3.671308683298121e-43,0.4549877405735365,0.0004086059365041089,6.79428850900985e-05,1
SULAWESI TENGAH,Parigi Moutong,0.0037747514983625277,0.984238263677935,3.0022837619769274e-50,1.4704371982141487e-15,0.011558076264611186,0.00042890855908994603,1
SULAWESI TENGAH,Tojo Una-Una,0.0009825672191385857,0.3486363395709669,3.136825359502384e-52,0.6494929067276836,0.0008879409320020123,2.4555020894996724e-07,3
SULAWESI TENGAH,Sigi,0.0010034059593808104,0.9976087845208564,1.5954723358108966e-48,0.0008387181366178644,7.2442644147582e-05,0.0004766487389972683,1
SULAWESI TENGAH,Banggai Laut,0.0022516709856221766,0.4654822012498882,2.832628493685534e-45,0.5321296595868531,0.0001176593790016161,1.8808798634957256e-05,3
SULAWESI TENGAH,Morowali Utara,0.0017013571376559408,0.9966102973143963,1.1589726618842748e-46,4.798452738961557e-08,0.0010685873080457837,0.0006197102553745785,1
SULAWESI TENGAH,Kota Palu,0.07181147658225501,4.463240789299177e-05,7.533428957998949e-11,8.078221749345633e-31,0.17035655131902316,0.7577873396154946,5
SULAWESI SELATAN,Kepulauan Selayar,0.0010026786424192167,0.7986927361419779,2.571748000155131e-44,0.19987903859353426,2.518525820618878e-05,0.00040036136386239205,1
SULAWESI SELATAN,Bulukumba,0.0007582108956835209,0.8064091186079979,6.577895934483592e-32,7.610881628594111e-08,5.597836926635741e-05,0.1927766160182359,1
SULAWESI SELATAN,Bantaeng,0.003015133164195752,0.8809532135594195,6.232264054899476e-30,0.014477011708900011,0.0002647918502361924,0.10128984971724861,1
SULAWESI SELATAN,Jeneponto,0.0011244244044975667,0.9984428510038433,6.474421540438637e-52,0.00011256232333323949,0.0002163128117298677,0.00010384945659600795,1
SULAWESI SELATAN,Takalar,0.0017071879696344842,0.8157813112693912,7.416122035041921e-29,0.0012365827285030486,0.0001293142193773785,0.18114560381309383,1
SULAWESI SELATAN,Gowa,0.004855230583885559,0.125336704909902,2.9748947059647417e-25,8.392488207948798e-27,0.00751902801992003,0.8622890364862924,5
SULAWESI SELATAN,Sinjai,0.0006880838876183449,0.9434314581952304,1.9197234497685834e-37,1.7385944221166838e-05,1.9687258172767835e-05,0.05584338471475731,1
SULAWESI SELATAN,Maros,0.04258683678883871,0.016093197307854433,1.1387216747975114e-18,1.5956648908056294e-15,0.09306197718437724,0.8482579887189279,5
SULAWESI SELATAN,Pangkajene Dan Kepulauan,0.07253329323617534,0.01564568372412582,1.5603472057726007e-29,2.8052839994856467e-39,0.8792550414900846,0.0325659815496143,4
SULAWESI SELATAN,Barru,0.03823256802321432,0.0009561971068382645,6.716697762412083e-16,0.43425645526513007,0.012542147934102528,0.5140126316707143,5
SULAWESI SELATAN,Bone,0.035339587504211165,0.0004131253886442215,5.84004022658617e-30,1.046547891822392e-77,0.19988740363064034,0.7643598834765043,5
SULAWESI SELATAN,Soppeng,0.0013512174580190375,0.7430193947185724,7.503055808721584e-28,0.00012110652762035496,0.0001159499758945683,0.2553923313198936,1
SULAWESI SELATAN,Wajo,0.0029847811461601544,0.20408514866597297,5.9621892926388435e-24,2.0037294213774622e-20,0.002905521650316146,0.7900245485375508,5
SULAWESI SELATAN,Sidenreng Rappang,0.002062278952105882,0.22400968763986145,4.922614093483388e-20,4.628942425108958e-06,0.0005129774287522893,0.7734104270368553,5
SULAWESI SELATAN,Pinrang,0.0051477693437612425,0.3575369673009059,1.861418036524315e-28,1.0821490800268267e-20,0.0053921626175840775,0.6319231007377488,5
SULAWESI SELATAN,Enrekang,0.0008846688772125838,0.9644777075765383,2.3318256880903806e-47,0.03410115659776995,2.0892369066224243e-05,0.0005155745794129402,1
SULAWESI SELATAN,Luwu,0.02234614563219837,0.8766482290563083,1.537745168336005e-31,2.2362485506083724e-10,0.04804425987026154,0.052961365217606964,1
SULAWESI SELATAN,Tana Toraja,0.0012619806799570189,0.9205546766332916,5.275807104522911e-42,0.07709030909157805,6.81745414437664e-05,0.001024859053729547,1
SULAWESI SELATAN,Luwu Utara,0.0038375338164155655,0.9902620248009454,7.487059157681636e-40,1.6879642865973166e-06,0.004199797515138468,0.001698955903213963,1
SULAWESI SELATAN,Luwu Timur,0.0073006834251704966,0.03950665538578814,2.929384209054193e-21,1.16775953587216e-30,0.01757510692170422,0.9356175542673372,5
SULAWESI SELATAN,Toraja Utara,0.0009144944922236205,0.9826271789693121,2.2194933973847e-44,0.015106725203437964,3.067817466957043e-05,0.0013209231603567486,1
SULAWESI SELATAN,Kota Makassar,0.05348257657972949,1.0165495476830628e-220,0.9465174234202708,0.0,7.789287747004126e-76,3.421473032413441e-95,2
SULAWESI SELATAN,Kota Parepare,0.006706683280470221,0.0004200203525790289,2.4688672067743816e-13,0.24413359630205675,0.0011674347529166814,0.7475722653117305,5
SULAWESI SELATAN,Kota Palopo,0.22829082619974053,2.6099781079357546e-08,5.663011333816878e-08,0.05365329164079652,0.13169974621154723,0.5863560532180212,5
SULAWESI TENGGARA,Buton,0.004166531638848905,0.06024744332795903,3.463071175771287e-36,0.933948995661625,0.0015544682751216265,8.25610964453802e-05,3
SULAWESI TENGGARA,Muna,0.02224459107338591,0.38951375820433864,3.355579986152398e-33,0.566554833266689,0.019449079054315584,0.002237738401270768,3
SULAWESI TENGGARA,Konawe,0.012289895238408973,0.9657233421601691,2.491344444958349e-34,0.00013052891668210358,0.01379934137794345,0.008056892306796466,1
SULAWESI TENGGARA,Kolaka,0.04982641254936421,0.07137993957195429,4.4169985890123535e-37,5.376702340130324e-49,0.27585936433047903,0.6029342835482027,5
SULAWESI TENGGARA,Konawe Selatan,0.0014098253802571085,0.9859681659431481,2.0227794124136835e-45,8.848391680127849e-08,9.20983536702804e-05,0.01252982183900782,1
SULAWESI TENGGARA,Bombana,0.0011513817821870898,0.9332494742331403,4.894557365418401e-38,0.058565910211057254,3.466026120196056e-05,0.00699857351241343,1
SULAWESI TENGGARA,Wakatobi,0.0007742422599985499,0.6224789795449966,1.1060263065215387e-54,0.3767096903313234,3.369138719940754e-05,3.3964764819380087e-06,1
SULAWESI TENGGARA,Kolaka Utara,0.0014931716549571891,0.9962902232888377,2.8934472335373985e-45,0.0015212125419014958,0.00044202468236501904,0.0002533678319386219,1
SULAWESI TENGGARA,Buton Utara,0.0010511362823395947,0.4243676436070592,7.267576953372453e-50,0.5744996507495385,7.83161205689301e-05,3.2532404938295378e-06,3
SULAWESI TENGGARA,Konawe Utara,0.0012869183703336402,0.40466615694375474,8.006221453842984e-46,0.593891007812435,0.0001394790919951913,1.6437781481351536e-05,3
SULAWESI TENGGARA,Kolaka Timur,0.0013834167416973211,0.4395727970360563,2.3182824723461926e-45,0.5588145760570814,0.00020796108753590975,2.1249077629099064e-05,3
SULAWESI TENGGARA,Konawe Kepulauan,0.0006522805311411048,0.3280737283172561,6.006708635356805e-68,0.6712284737596407,4.5516185392818714e-05,1.2065692477809226e-09,3
SULAWESI TENGGARA,Muna Barat,0.001349443920564238,0.5923274643279961,4.00920399943949e-48,0.40627059001688587,3.43417575044791e-05,1.815997704929566e-05,1
SULAWESI TENGGARA,Buton Tengah,0.0018417198387952875,0.17503878649889176,1.8239838846086736e-47,0.8225674300627538,0.0005514022698042016,6.613297548596838e-07,3
SULAWESI TENGGARA,Buton Selatan,0.002465249997180729,0.20310049423583065,5.379200417098595e-43,0.7939888899491437,0.0004344738161956265,1.0892001649274889e-05,3
SULAWESI TENGGARA,Kota Kendari,0.01101268025751218,0.025973338130400106,6.100259943875812e-18,4.260650695660836e-35,0.03918137666785788,0.9238326049442298,5
SULAWESI TENGGARA,Kota Baubau,0.030628030448696688,0.0009140754138597735,2.1608061933644502e-14,0.01261019844453217,0.014840174177579114,0.9410075215153106,5
GORONTALO,Boalemo,0.0002898625646834133,0.09088462495018544,4.592279985893098e-60,0.9068395342823828,0.001985977960156876,2.425913839208871e-10,3
GORONTALO,Gorontalo,0.0015397855270536432,0.993164867275067,2.7624570756951482e-65,1.2653292744392785e-08,0.005294873629277587,4.609153091525553e-07,1
GORONTALO,Pohuwato,0.0007281217155364181,0.7464016236310496,3.9546180422737096e-64,0.2519889943902235,0.0008812491737157317,1.1089474852763355e-08,1
GORONTALO,Bone Bolango,0.0008206334877576204,0.23760976402391631,2.5385125687841183e-51,0.7611119212485814,0.000457422127586725,2.591121579397743e-07,3
GORONTALO,Gorontalo Utara,0.0004081699517731113,0.2747583218063116,1.4189653964332022e-62,0.7247638088294013,6.969073739655939e-05,8.67511740663044e-09,3
GORONTALO,Kota Gorontalo,0.0017925080997964792,0.39854596652346147,1.1028951642366302e-22,0.017915338373630813,0.00011760561435639635,0.581628581388755,5
SULAWESI BARAT,Majene,0.000985737058362655,0.6464000389260376,3.3089387143961535e-49,0.3525219914578644,7.565743215303135e-05,1.6575125582329122e-05,1
SULAWESI BARAT,Polewali Mandar,0.002305558870182008,0.9907349681480891,3.917766630355885e-49,5.410204905465751e-09,0.00690335113437419,5.6116437149694234e-05,1
SULAWESI BARAT,Mamasa,0.0009561146284629644,0.6918901606687397,4.565708919127319e-52,0.30712537881990126,9.565729859907162e-06,1.878015303632491e-05,1
SULAWESI BARAT,Mamuju,0.0011792135692824239,0.7415524818597163,1.9836230989565261e-28,4.618626739890073e-06,0.0001234245432416704,0.25714026140101964,1
SULAWESI BARAT,Mamuju Utara,0.0002808517996543621,0.8253559103087316,8.726579936440602e-29,0.00013286355721094727,6.311067669998224e-06,0.17422406326673306,1
SULAWESI BARAT,Mamuju Tengah,0.0004420272634136763,0.887309721487808,2.9149851838105716e-35,0.07166694039250444,3.109803824548954e-07,0.040580999875891574,1
MALUKU,Maluku Tenggara Barat,1.2170195180592868e-07,1.7792688254937002e-05,6.143011269265617e-93,0.9866162835362933,0.0133658020735001,1.0750061695862719e-25,3
MALUKU,Maluku Tenggara,3.5185445836371466e-05,0.00023630869263166582,2.1970468499910113e-65,0.9717315882232939,0.02799691763823788,1.9687152778121928e-16,3
MALUKU,Maluku Tengah,0.0032858432681320176,6.473147368573802e-08,4.061172194608446e-36,0.0026126487307696405,0.9941014431555868,1.1403778803036623e-10,4
MALUKU,Buru,0.0025745633108684245,0.01368499501370718,2.582973964859614e-45,0.9760214297621627,0.007718985157899591,2.6755362244677997e-08,3
MALUKU,Kepulauan Aru,1.0609553174708684e-07,0.00033295217402964293,1.3578445761297758e-112,0.9995225359262428,0.0001444058041957241,2.1475612345994158e-24,3
MALUKU,Seram Bagian Barat,5.006410715508713e-06,7.081425456512554e-06,4.2931383792872826e-73,0.8775904837605276,0.1223974284033005,5.185852473461343e-21,3
MALUKU,Seram Bagian Timur,7.5485072210471286e-06,0.0013832093544297287,2.2859862118045725e-76,0.9952707250085756,0.003338517129773644,1.0398214324318917e-17,3
MALUKU,Maluku Barat Daya,1.492382658635058e-09,9.766920121906902e-06,8.433960440478671e-129,0.9998445332083339,0.00014569837916153755,6.057703558717842e-32,3
MALUKU,Buru Selatan,0.0014498945981663537,0.6645806664892348,2.134596429497064e-62,0.33395627242050524,1.2996307044446259e-05,1.7018504913069798e-07,1
MALUKU,Kota Ambon,0.6433944636313049,1.5752901789795078e-15,0.07702600954004031,5.326523537978927e-10,0.1914375943191602,0.08814193197684063,0
MALUKU,Kota Tual,0.0001310629614595557,1.6634782179334397e-12,3.7443508221051666e-46,0.0034176156170632292,0.9964513214198137,5.0841282360686065e-18,4
MALUKU UTARA,Halmahera Barat,0.0017834275988353938,0.8491962969359801,9.139170409851908e-34,0.1217030321956632,4.546363063495958e-06,0.02731269690645779,1
MALUKU UTARA,Halmahera Tengah,0.006531476361548469,0.7757167494838446,9.910560764157594e-38,0.21394453441555852,0.0029469022886852354,0.0008603374503631999,1
MALUKU UTARA,Kepulauan Sula,0.0008560823681956003,0.9029222206437288,1.9594793187468576e-35,0.06948997065297946,8.715612358847265e-07,0.026730854773860207,1
MALUKU UTARA,Halmahera Selatan,0.00024233985706282314,0.8871984669490837,1.0617910655691903e-35,0.0004929373242278727,7.179133789574912e-07,0.11206553795624671,1
MALUKU UTARA,Halmahera Utara,0.021008000296256612,4.348667102708357e-07,5.458077875052281e-09,0.258993635830877,0.0038270102198146114,0.7161709133282638,5
MALUKU UTARA,Halmahera Timur,0.03408955990512588,8.556980422570977e-05,8.123455960022892e-28,0.8551195683643478,0.1106815780879345,2.3723838366179033e-05,3
MALUKU UTARA,Pulau Morotai,0.018263772704526966,0.0008549456510205446,1.7618870750666178e-15,0.05779349026513413,0.0004799657748642235,0.9226078256044523,5
MALUKU UTARA,Pulau Taliabu,0.03226103849242459,0.002688668633429003,5.982588878699933e-17,0.1239044444390435,0.0009831976822830667,0.8401626507528198,5
MALUKU UTARA,Kota Ternate,0.002966259260541795,0.0453729532590276,6.98658777149034e-16,0.005655464755088269,0.0006507599510527295,0.945354562774289,5
MALUKU UTARA,Kota Tidore Kepulauan,0.00048420022234286667,0.8601666645011631,9.279627045633317e-33,0.07313786230381059,3.9203598784519654e-07,0.0662108809366957,1
PAPUA BARAT,Fakfak,0.00019628033576930872,3.5711081047891333e-09,1.7824628265583668e-48,0.062313555664857426,0.9374901604282647,3.2090558078041066e-16,4
PAPUA BARAT,Kaimana,0.0011915668683332005,0.28126248141000415,7.715939322178026e-52,0.7173349803122411,0.00021071807894035058,2.5333048118828876e-07,3
PAPUA BARAT,Teluk Wondama,8.326315573354162e-11,7.522715011029877e-07,4.2123067975421787e-132,0.9990690035414284,0.0009302441038073841,5.6623390942067336e-37,3
PAPUA BARAT,Teluk Bintuni,4.972289689918547e-06,2.277664740305707e-06,3.683567741163045e-100,1.0456705415419692e-99,0.9999927500455693,1.332311202594603e-19,4
PAPUA BARAT,Manokwari,0.0019358140911752302,2.082871344004191e-05,9.992536327305497e-44,0.002098770222802423,0.9959445869287047,4.3877428266981645e-11,4
PAPUA BARAT,Sorong Selatan,0.0005642038090464348,0.0717345028798798,2.060730855707705e-58,0.9266497583232968,0.0010515347102624199,2.775145797735325e-10,3
PAPUA BARAT,Sorong,4.277426573125512e-06,0.03371464122366926,1.076233089713509e-101,1.0856399470015746e-06,0.9662799957098109,6.784316387468702e-22,4
PAPUA BARAT,Raja Ampat,0.0005499276080120818,0.07086870016337088,4.56476683195604e-53,0.9276390784029561,0.000942285613300248,8.21236067918198e-09,3
PAPUA BARAT,Tambrauw,1.6765536556394961e-12,4.7670545985246425e-08,3.436105411915041e-161,0.9999091434876696,9.080884010786407e-05,6.942783912578154e-44,3
PAPUA BARAT,Maybrat,1.1898304516523647e-10,1.2899034034080629e-06,6.3406512710849145e-140,0.9997997489771325,0.0001989610004810218,8.355706134593508e-37,3
PAPUA BARAT,Manokwari Selatan,4.932076433458001e-09,1.328618405358634e-05,3.936819285464785e-117,0.9986269785044969,0.0013597303793730514,3.993713701218087e-31,3
PAPUA BARAT,Pegunungan Arfak,3.070720935444e-13,7.066269381303032e-09,1.3535963161584573e-175,0.9999799111260597,2.0081807363866795e-05,1.3850722917142089e-46,3
PAPUA BARAT,Kota Sorong,0.11372843764413115,1.4349116639042836e-11,8.423389583442338e-16,1.6593988240085903e-10,0.8862532194396018,1.8342735977300718e-05,4
PAPUA,Merauke,0.0021438218788141176,0.9046867434175452,4.25811972619269e-42,5.643316657662215e-12,0.00021110833257770214,0.09295832636541963,1
PAPUA,Jayawijaya,3.269807334861753e-13,3.022851103613462e-07,3.6053834558140744e-182,0.9825396493965006,0.01746004831806231,1.1743869962385752e-48,3
PAPUA,Jayapura,0.2008200667654257,3.943008049772781e-05,2.7497704297592084e-16,2.4220493897190877e-09,0.7377934884881954,0.06134701224383138,4
PAPUA,Nabire,0.00024967721004459626,0.6327318461527018,2.760367899611444e-83,0.00015298528826244667,0.36686549134898283,8.587882329689073e-15,1
PAPUA,Kepulauan Yapen,2.395984975849354e-07,0.0008039390456092486,4.971985863140063e-102,0.9983824564314545,0.0008133649244386574,5.586006730078522e-23,3
PAPUA,Biak Numfor,3.740379316073007e-05,8.84616745829835e-15,2.2736012356336216e-47,0.0009690162069312454,0.9989935799998988,4.903824322885558e-20,4
PAPUA,Paniai,2.5310659772978992e-14,4.615096142003053e-09,3.891649595402015e-189,0.9998794163398318,0.00012057904504693027,7.388696919887909e-50,3
PAPUA,Puncak Jaya,1.4920329631059046e-14,2.2523986880030267e-09,5.349268344609178e-175,0.9999296101058555,7.038764173090351e-05,5.913125779760852e-50,3
PAPUA,Mimika,0.9999999999995905,2.5263095589147016e-61,7.112678061942813e-28,0.0,3.905415338203619e-13,1.868552364054952e-14,0
PAPUA,Boven Digoel,0.001895192172098397,1.3706382394499902e-05,2.7835395132586697e-43,0.6667237374328785,0.3313673639793302,3.329843915431031e-11,3
PAPUA,Mappi,4.11397579548687e-07,9.053577561186358e-05,1.1773079961013668e-88,0.9929863415860005,0.0069227112408080235,3.95164234782642e-23,3
PAPUA,Asmat,1.25778196522507e-06,0.0006081886606683135,9.254274641519965e-113,0.9993696703228883,2.0883234478214866e-05,2.376988284247769e-21,3
PAPUA,Yahukimo,6.069028940098434e-16,3.29275675532658e-10,1.2664347119233843e-182,0.9998561731273066,0.0001438265434170924,1.34571192406027e-54,3
PAPUA,Pegunungan Bintang,1.5464751235240316e-09,5.977260038839401e-07,2.7034439246488892e-111,0.9834004240911941,0.01659897663632668,2.5945832674351615e-33,3
PAPUA,Tolikara,9.123322568192195e-12,1.6047745071502583e-07,6.008541710174599e-156,0.9999596480599353,4.0191453490574176e-05,4.369066309515524e-40,3
PAPUA,Sarmi,0.0023950395365420207,0.4252593750798324,2.054484773793274e-43,0.5721713309619073,0.00013402196296848917,4.023245874979564e-05,3
PAPUA,Keerom,0.0008635855045657154,0.46847424701200285,1.4670805365914229e-64,0.5306509770385982,1.1035190493744817e-05,1.5525433946685836e-07,3
PAPUA,Waropen,2.9611601748115962e-08,9.67252403660647e-15,2.146254595888588e-78,0.0023346979461360364,0.9976652724422529,3.7511171547500894e-32,4
PAPUA,Supiori,4.548004873726723e-16,1.546199016321744e-10,1.2892850815604259e-180,0.9997200713452767,0.00027992850010269334,7.650779577668597e-56,3
PAPUA,Mamberamo Raya,5.087183027418529e-09,2.4312599152216512e-05,6.350613848365988e-123,0.9997941429554882,0.0001815393581765237,4.62123022398141e-30,3
PAPUA,Nduga *,1.5174338083672607e-15,5.713624518235989e-11,6.253874293048167e-203,0.999996332431891,3.6675109711834264e-06,3.633897918678257e-54,3
PAPUA,Lanny Jaya,5.2311515578936764e-17,6.040662040927971e-12,6.330514692287047e-216,0.99999696431546,3.0356784993340097e-06,5.59459239523293e-59,3
PAPUA,Mamberamo Tengah,3.0382005285202372e-15,3.7543801911211117e-10,9.17659615527415e-190,0.9999845162760139,1.548334854496151e-05,1.1386569653320525e-52,3
PAPUA,Yalimo,3.5696081531977602e-12,3.1684225608133124e-08,8.111804433572229e-168,0.9999870309021212,1.2937410083597554e-05,3.600180785233e-42,3
PAPUA,Puncak,8.466622593048393e-15,8.286151948006666e-10,2.382526876231742e-185,0.9999819196868405,1.8079484535740677e-05,4.768557660886045e-51,3
PAPUA,Dogiyai,1.202022679934293e-07,2.129088142587202e-07,2.6829276237931317e-91,0.7089588445239068,0.2910408223650111,6.316673284631723e-29,3
PAPUA,Intan Jaya,4.603119293851526e-20,2.584335080488841e-13,1.1537706746952626e-225,0.9999880640764225,1.1935923319039305e-05,2.9978744301251073e-69,3
PAPUA,Deiyai,5.59570496634488e-19,8.143739240873178e-13,2.590072900852495e-223,0.9999945292541407,5.47074504491651e-06,1.5666620405486222e-65,3
PAPUA,Kota Jayapura,0.9833119167181754,6.246210187749077e-17,0.00010861895575553507,3.5875370048426445e-71,0.01616668899200991,0.0004127753340592574,0
