Provinsi,Kab/Kota,Prob_Klaster_0,Prob_Klaster_1,Prob_Klaster_2,Klaster
ACEH,Simeulue,0.9489661517920794,0.05091989932473558,0.00011394888318492113,0
ACEH,Aceh Singkil,0.9595387051928235,0.040376935474951775,8.435933222448224e-05,0
ACEH,Aceh Selatan,0.776795664464221,0.2168321917676625,0.006372143768116459,0
ACEH,Aceh Tenggara,0.8201989031200431,0.17428908934579934,0.005512007534157665,0
ACEH,Aceh Timur,0.0027517789418917455,0.9833701437453937,0.013878077312714794,1
ACEH,Aceh Tengah,0.3384556835365395,0.6592417348397304,0.0023025816237300383,1
ACEH,Aceh Barat,0.042128117863627995,0.9566535101461294,0.001218371990242945,1
ACEH,Aceh Besar,4.911669263826772e-06,0.9825338685768668,0.01746121975386935,1
ACEH,Pidie,0.0115212369732048,0.9878010182084037,0.0006777448183913494,1
ACEH,Bireuen,1.7141658609366675e-06,0.9938140282224192,0.006184257611719939,1
ACEH,Aceh Utara,2.9095926821569897e-24,0.9979031234414112,0.002096876558588832,1
ACEH,Aceh Barat Daya,0.9150051463582666,0.08461488508684958,0.0003799685548838302,0
ACEH,Gayo Lues,0.9707033979593119,0.029273137279349506,2.346476133848367e-05,0
ACEH,Aceh Tamiang,0.3695409290839534,0.6206101995805986,0.009848871335448034,1
ACEH,Nagan Raya,0.08532568739524671,0.9136107820207209,0.0010635305840324839,1
ACEH,Aceh Jaya,0.7337379166302577,0.26331508493784095,0.0029469984319015125,0
ACEH,Bener Meriah,0.9429002255471108,0.05705092198983541,4.885246305388527e-05,0
ACEH,Pidie Jaya,0.9744327994440543,0.025546486095525126,2.0714460420603863e-05,0
ACEH,Kota Banda Aceh,1.0298103468595541e-16,0.9000583706853037,0.09994162931469619,1
ACEH,Kota Sabang,0.7217493729164555,0.2760383518411628,0.002212275242381831,0
ACEH,Kota Langsa,0.7349769647406468,0.24491293801791117,0.020110097241442058,0
ACEH,Kota Lhokseumawe,0.030689745548355355,0.47025821995109013,0.49905203450055474,2
ACEH,Kota Subulussalam,0.8849345636978148,0.11430119234252098,0.0007642439596642733,0
SUMATERA UTARA,Nias,0.9235297484702994,0.07622515952182969,0.00024509200787081764,0
SUMATERA UTARA,Mandailing Natal,0.00015068681025060337,0.9780228730558173,0.021826440133932277,1
SUMATERA UTARA,Tapanuli Selatan,2.083070387938763e-05,0.9925809328731533,0.007398236422967346,1
SUMATERA UTARA,Tapanuli Tengah,0.0773103802862563,0.8926338354754421,0.030055784238301648,1
SUMATERA UTARA,Tapanuli Utara,0.207236199504817,0.7894055325991448,0.0033582678960379893,1
SUMATERA UTARA,Toba Samosir,0.27324109473670977,0.7244667917939909,0.0022921134692993283,1
SUMATERA UTARA,Labuhan Batu,2.148193907642411e-53,0.9660654044280877,0.033934595571912335,1
SUMATERA UTARA,Asahan,3.4671339687497795e-71,0.931035271567408,0.06896472843259208,1
SUMATERA UTARA,Simalungun,2.3632937684463526e-80,0.9357135185015085,0.06428648149849144,1
SUMATERA UTARA,Dairi,0.1000562481605582,0.8971740657595149,0.0027696860799270944,1
SUMATERA UTARA,Karo,5.758149412022575e-16,0.9954123923719372,0.004587607628062109,1
SUMATERA UTARA,Deli Serdang,0.0,3.8042413306864993e-10,0.9999999996195763,2
SUMATERA UTARA,Langkat,1.9331186415058822e-91,0.9018892097665482,0.09811079023345161,1
SUMATERA UTARA,Nias Selatan,0.8777559180210529,0.12190560320956868,0.0003384787693783518,0
SUMATERA UTARA,Humbang Hasundutan,0.628549030635848,0.36947733612485884,0.0019736332392932417,0
SUMATERA UTARA,Pakpak Bharat,0.16490731809584339,0.8301857819881762,0.0049068999159804835,1
SUMATERA UTARA,Samosir,0.7131779109847598,0.2853095909982223,0.0015124980170178174,0
SUMATERA UTARA,Serdang Bedagai,1.2188830616415336e-33,0.9887321780658499,0.01126782193415017,1
SUMATERA UTARA,Batu Bara,9.081048781292334e-57,0.9736707859167698,0.026329214083230173,1
SUMATERA UTARA,Padang Lawas Utara,0.0014644132849450909,0.9922448523131477,0.00629073440190724,1
SUMATERA UTARA,Padang Lawas,0.0048557813261082446,0.9871198875226754,0.008024331151216415,1
SUMATERA UTARA,Labuhan Batu Selatan,1.7096020937521644e-32,0.9861347851850863,0.013865214814913583,1
SUMATERA UTARA,Labuhan Batu Utara,2.2145836606935383e-26,0.9831668697038746,0.01683313029612545,1
SUMATERA UTARA,Nias Utara,0.9991374037246323,0.0008625921504936584,4.124873967172104e-09,0
SUMATERA UTARA,Nias Barat,0.9994617992220123,0.0005381981526882045,2.625299460798567e-09,0
SUMATERA UTARA,Kota Sibolga,0.7125606204798193,0.2401175341347581,0.04732184538542264,0
SUMATERA UTARA,Kota Tanjung Balai,0.43608939151654924,0.5513559985712039,0.012554609912247041,1
SUMATERA UTARA,Kota Pematang Siantar,0.0001761042713585239,0.47429375850683286,0.5255301372218087,2
SUMATERA UTARA,Kota Tebing Tinggi,0.674593888979578,0.26737608364088566,0.058030027379536185,0
SUMATERA UTARA,Kota Medan,0.0,2.7776318608448003e-65,1.0,2
SUMATERA UTARA,Kota Binjai,0.03342446448425929,0.9059235177943757,0.060652017721364936,1
SUMATERA UTARA,Kota Padangsidimpuan,0.7049594142896243,0.27251073838638906,0.022529847323986583,0
SUMATERA UTARA,Kota Gunungsitoli,0.9125543470310381,0.08701858184350775,0.0004270711254541033,0
SUMATERA BARAT,Kepulauan Mentawai,0.861332744349847,0.1378917260489884,0.0007755296011645742,0
SUMATERA BARAT,Pesisir Selatan,0.00012175927716598417,0.9812226952142389,0.01865554550859507,1
SUMATERA BARAT,Solok,2.536099808814646e-05,0.9908895748149207,0.009085064186991166,1
SUMATERA BARAT,Sijunjung,0.14659855418517095,0.8493641624240962,0.004037283390732895,1
SUMATERA BARAT,Tanah Datar,0.00023942083996319176,0.9962056785531331,0.003554900606903724,1
SUMATERA BARAT,Padang Pariaman,1.413221851716994e-08,0.9211003848838069,0.07889960098397471,1
SUMATERA BARAT,Agam,1.2116430829819036e-15,0.9908783985127285,0.009121601487270394,1
SUMATERA BARAT,Lima Puluh Kota,5.696283780003542e-08,0.9970566740621213,0.0029432689750407853,1
SUMATERA BARAT,Pasaman,0.32823600812246184,0.663502662409043,0.00826132946849517,1
SUMATERA BARAT,Solok Selatan,0.7146504316213845,0.2809985955478578,0.004350972830757626,0
SUMATERA BARAT,Dharmasraya,0.04768722324083941,0.9430532223747836,0.00925955438437693,1
SUMATERA BARAT,Pasaman Barat,5.4558193220942804e-08,0.9903175783263045,0.009682367115502178,1
SUMATERA BARAT,Kota Padang,9.148863581044536e-215,0.0020867432321309437,0.9979132567678695,2
SUMATERA BARAT,Kota Solok,0.6487769938686905,0.34949442206088915,0.0017285840704202885,0
SUMATERA BARAT,Kota Sawah Lunto,0.6372773873437829,0.3588668454244887,0.003855767231728254,0
SUMATERA BARAT,Kota Padang Panjang,0.5711913119114763,0.4232078844336045,0.005600803654919274,0
SUMATERA BARAT,Kota Bukittinggi,0.48920665081097625,0.5027107016161623,0.00808264757286161,1
SUMATERA BARAT,Kota Payakumbuh,0.7242798219452067,0.26621089095128003,0.009509287103513332,0
SUMATERA BARAT,Kota Pariaman,0.7356635052258059,0.2598086188791646,0.0045278758950292935,0
RIAU,Kuantan Singingi,7.162996140861606e-58,0.9766893075719233,0.023310692428076717,1
RIAU,Indragiri Hulu,6.1029421273519866e-96,0.9156171096734469,0.0843828903265534,1
RIAU,Indragiri Hilir,2.3210059412501897e-241,0.007819044910898819,0.9921809550891009,2
RIAU,Pelalawan,2.3328636184195188e-141,0.4642936786136225,0.5357063213863774,2
RIAU,Siak,0.0,0.00012000524828217156,0.9998799947517175,2
RIAU,Kampar,1.500067e-318,0.00021481729740644633,0.9997851827025935,2
RIAU,Rokan Hulu,1.9636223596553592e-70,0.9587821012682217,0.04121789873177828,1
RIAU,Bengkalis,0.0,2.9418022492278953e-11,0.9999999999705818,2
RIAU,Rokan Hilir,2.9377637824020165e-240,0.008375953039236333,0.9916240469607637,2
RIAU,Kepulauan Meranti,2.557112137745694e-13,0.9999990146331662,9.8536657793888e-07,1
RIAU,Kota Pekanbaru,0.0,2.578945637489799e-10,0.9999999997421058,2
RIAU,Kota Dumai,2.4288756772136524e-60,0.9755592964332248,0.024440703566775298,1
JAMBI,Kerinci,0.09997825350990597,0.8969010797678798,0.0031206667222141897,1
JAMBI,Merangin,6.839565948242036e-06,0.9892134298847589,0.010779730549292882,1
JAMBI,Sarolangun,1.2558784375884426e-07,0.985659967362184,0.014339907049972254,1
JAMBI,Batang Hari,9.114548630008006e-10,0.9915556882561515,0.008444310832393692,1
JAMBI,Muaro Jambi,1.777791279168724e-20,0.9927338073069772,0.007266192693022848,1
JAMBI,Tanjung Jabung Timur,1.532184464041673e-25,0.9928315610515758,0.007168438948424163,1
JAMBI,Tanjung Jabung Barat,2.622961210223227e-98,0.8767149028972665,0.12328509710273347,1
JAMBI,Tebo,3.424145971991073e-06,0.9970299449772028,0.0029666308768253216,1
JAMBI,Bungo,1.1346678317929276e-10,0.9879291862143622,0.012070813672171088,1
JAMBI,Kota Jambi,5.203503533016191e-31,0.7492165160263926,0.25078348397360745,1
JAMBI,Kota Sungai Penuh,0.7053811998766271,0.29434005833544435,0.00027874178792863645,0
SUMATERA SELATAN,Ogan Komering Ulu,6.217492363189053e-06,0.9923080904510683,0.007685692056568499,1
SUMATERA SELATAN,Ogan Komering Ilir,4.5570631603194757e-41,0.9938260207388175,0.006173979261182384,1
SUMATERA SELATAN,Muara Enim,1.1036321883272689e-213,0.08263530561660193,0.9173646943833976,2
SUMATERA SELATAN,Lahat,8.424985708203263e-13,0.9982350993990893,0.0017649006000682145,1
SUMATERA SELATAN,Musi Rawas,2.300220714035801e-15,0.9958351363436462,0.004164863656351445,1
SUMATERA SELATAN,Musi Banyuasin,2.691665486545199e-241,0.0847445862219662,0.9152554137780342,2
SUMATERA SELATAN,Banyu Asin,1.3512607708707038e-38,0.9868172395806257,0.013182760419374271,1
SUMATERA SELATAN,Ogan Komering Ulu Selatan,0.3058079690279942,0.6888502947480771,0.0053417362239287555,1
SUMATERA SELATAN,Ogan Komering Ulu Timur,1.1089004417609747e-06,0.9938775374543516,0.006121353645206725,1
SUMATERA SELATAN,Ogan Ilir,0.008909834681087136,0.9864156116419006,0.00467455367701226,1
SUMATERA SELATAN,Empat Lawang,0.7910213273682419,0.20762647561872258,0.0013521970130356141,0
SUMATERA SELATAN,Penukal Abab Lematang Ilir,0.6765543820890468,0.3207430126821203,0.002702605228832873,0
SUMATERA SELATAN,Musi Rawas Utara,0.7503299145292224,0.24952892973015942,0.00014115574061803816,0
SUMATERA SELATAN,Kota Palembang,0.0,4.741311576856131e-26,1.0,2
SUMATERA SELATAN,Kota Prabumulih,0.5339371973466727,0.4558649523291395,0.010197850324187826,0
SUMATERA SELATAN,Kota Pagar Alam,0.5311165320087549,0.46629382149342125,0.0025896464978238795,0
SUMATERA SELATAN,Kota Lubuklinggau,0.7671236246834516,0.22706594073278127,0.005810434583767083,0
BENGKULU,Bengkulu Selatan,0.9338030152533962,0.06610479130614404,9.219344045985712e-05,0
BENGKULU,Rejang Lebong,0.2243488025303167,0.7735089482348968,0.002142249234786557,1
BENGKULU,Bengkulu Utara,0.49766375287248393,0.4979437170824418,0.004392530045074308,1
BENGKULU,Kaur,0.9604089232170676,0.039532853880519005,5.8222902413317804e-05,0
BENGKULU,Seluma,0.962726076110743,0.03722714889055715,4.6774998699839065e-05,0
BENGKULU,Mukomuko,0.7731597037844277,0.2242347679647562,0.002605528250816157,0
BENGKULU,Lebong,0.682884934058847,0.31354661944060774,0.00356844650054528,0
BENGKULU,Kepahiang,0.8464067309897958,0.15284602805700076,0.0007472409532034082,0
BENGKULU,Bengkulu Tengah,0.689195375967336,0.3061550145141449,0.004649609518519077,0
BENGKULU,Kota Bengkulu,6.367380640504327e-21,0.998997002202437,0.0010029977975631714,1
LAMPUNG,Lampung Barat,0.5915639189053421,0.40574328657499437,0.002692794519663531,0
LAMPUNG,Tanggamus,1.3616302042804913e-07,0.9944779053503939,0.005521958486585703,1
LAMPUNG,Lampung Selatan,4.1410343849541356e-96,0.9601944481015336,0.03980555189846636,1
LAMPUNG,Lampung Timur,4.2215592384110345e-87,0.9730755796005018,0.026924420399497943,1
LAMPUNG,Lampung Tengah,1.828000730429918e-267,0.005588056796683608,0.9944119432033159,2
LAMPUNG,Lampung Utara,2.078967970539038e-24,0.9997257757884157,0.0002742242115841998,1
LAMPUNG,Way Kanan,1.6742391500749286e-05,0.994745874047618,0.005237383560881344,1
LAMPUNG,Tulangbawang,4.0856002153281585e-20,0.9910246040523042,0.008975395947695879,1
LAMPUNG,Pesawaran,6.198517825361193e-09,0.9966851567248459,0.003314837076636153,1
LAMPUNG,Pringsewu,0.01567281416105809,0.9716744907872403,0.012652695051701583,1
LAMPUNG,Mesuji,0.08802901803684209,0.9071903339763346,0.004780647986823376,1
LAMPUNG,Tulang Bawang Barat,0.01181312156400497,0.9825636312999109,0.005623247136084146,1
LAMPUNG,Pesisir Barat,0.8635001330951718,0.13568891524103055,0.0008109516637976415,0
LAMPUNG,Kota Bandar Lampung,1.572713579883221e-166,0.1812585761822625,0.8187414238177375,2
LAMPUNG,Kota Metro,0.7073624199616912,0.28693971759135334,0.005697862446955452,0
KEP. BANGKA BELITUNG,Bangka,1.5587561418630086e-05,0.9906123761463741,0.009372036292207248,1
KEP. BANGKA BELITUNG,Belitung,0.1779631180420895,0.8178440064717669,0.004192875486143509,1
KEP. BANGKA BELITUNG,Bangka Barat,9.5996870624782e-05,0.9989930223347653,0.000910980794609857,1
KEP. BANGKA BELITUNG,Bangka Tengah,0.5299858269804941,0.4667481321147077,0.003266040904798184,0
KEP. BANGKA BELITUNG,Bangka Selatan,0.5485008087961742,0.4492795166725518,0.0022196745312739415,0
KEP. BANGKA BELITUNG,Belitung Timur,0.4697852388012916,0.526821123084914,0.0033936381137944054,1
KEP. BANGKA BELITUNG,Kota Pangkal Pinang,0.00094807685304512,0.9806379619663959,0.018413961180559,1
KEPULAUAN RIAU,Karimun,0.0010022933402645568,0.9599646146799126,0.039033091979822944,1
KEPULAUAN RIAU,Bintan,2.8026708623936712e-12,0.9197560108822799,0.08024398911491737,1
KEPULAUAN RIAU,Natuna,3.3108903395989967e-14,0.9942114406458179,0.005788559354149041,1
KEPULAUAN RIAU,Lingga,0.8401791969219377,0.15809558752680808,0.0017252155512543028,0
KEPULAUAN RIAU,Kepulauan Anambas,1.5603789843767146e-07,0.997915237653814,0.0020846063082876317,1
KEPULAUAN RIAU,Kota Batam,0.0,4.2496517559877507e-29,1.0,2
KEPULAUAN RIAU,Kota Tanjung Pinang,1.1413852835558456e-13,0.9800265096079961,0.019973490391889764,1
DKI JAKARTA,Kepulauan Seribu,0.8280188866982117,0.16259800437839703,0.00938310892339139,0
DKI JAKARTA,Kota Jakarta Selatan,0.0,0.0,1.0,2
DKI JAKARTA,Kota Jakarta Timur,0.0,4.782703584906248e-302,1.0,2
DKI JAKARTA,Kota Jakarta Pusat,0.0,0.0,1.0,2
DKI JAKARTA,Kota Jakarta Barat,0.0,0.0,1.0,2
DKI JAKARTA,Kota Jakarta Utara,0.0,0.0,1.0,2
JAWA BARAT,Bogor,0.0,4.203438036322447e-66,1.0,2
JAWA BARAT,Sukabumi,1.5609895368236954e-249,0.005242681399654851,0.9947573186003453,2
JAWA BARAT,Cianjur,1.742697979136183e-109,0.7165130346203008,0.28348696537969925,1
JAWA BARAT,Bandung,0.0,4.393917219611467e-15,0.9999999999999956,2
JAWA BARAT,Garut,1.6733601972952382e-169,0.24469376152285113,0.7553062384771487,2
JAWA BARAT,Tasikmalaya,4.265559126980884e-60,0.9642973758953134,0.03570262410468662,1
JAWA BARAT,Ciamis,2.984784794893146e-46,0.9776476788121308,0.022352321187869267,1
JAWA BARAT,Kuningan,1.0461194536947805e-24,0.8522480196741049,0.1477519803258949,1
JAWA BARAT,Cirebon,2.223391586759704e-119,0.680166903263261,0.31983309673673865,1
JAWA BARAT,Majalengka,3.2676200621468505e-48,0.9821850350809906,0.017814964919009392,1
JAWA BARAT,Sumedang,9.061678917362627e-55,0.9005849568509261,0.09941504314907411,1
JAWA BARAT,Indramayu,0.0,4.692704153823706e-05,0.9999530729584616,2
JAWA BARAT,Subang,2.199084469218413e-81,0.7561638307367893,0.2438361692632108,1
JAWA BARAT,Purwakarta,1.0691116015750727e-237,0.008184008381001784,0.9918159916189979,2
JAWA BARAT,Karawang,0.0,2.8969139758076845e-73,1.0,2
JAWA BARAT,Bekasi,0.0,3.3793894429116573e-186,1.0,2
JAWA BARAT,Bandung Barat,5.051427735483347e-100,0.5480469190755405,0.4519530809244597,1
JAWA BARAT,Pangandaran,0.007706564678942868,0.9858751140733163,0.006418321247740886,1
JAWA BARAT,Kota Bogor,1.7062456871149016e-109,0.19234954619263142,0.8076504538073681,2
JAWA BARAT,Kota Sukabumi,0.0015538233135671457,0.4914161439313586,0.5070300327550741,2
JAWA BARAT,Kota Bandung,0.0,3.8881544448885227e-112,1.0,2
JAWA BARAT,Kota Cirebon,1.0312272102587114e-22,0.7987862989057829,0.20121370109421696,1
JAWA BARAT,Kota Bekasi,0.0,3.0109355498704716e-09,0.9999999969890645,2
JAWA BARAT,Kota Depok,2.39272169782155e-266,0.002014950770062092,0.9979850492299378,2
JAWA BARAT,Kota Cimahi,7.275646904465838e-46,0.17322920074009954,0.8267707992599008,2
JAWA BARAT,Kota Tasikmalaya,4.229172707477908e-20,0.9827774435764185,0.017222556423581465,1
JAWA BARAT,Kota Banjar,0.688715965394305,0.2997261617013144,0.011557872904380656,0
JAWA TENGAH,Cilacap,0.0,1.1863519626161787e-17,1.0,2
JAWA TENGAH,Banyumas,2.3004809539409844e-180,0.43722323597359175,0.5627767640264084,2
JAWA TENGAH,Purbalingga,2.368059770313624e-27,0.9973481436401047,0.0026518563598953255,1
JAWA TENGAH,Banjarnegara,1.0444264104111283e-19,0.9974958621560899,0.0025041378439101688,1
JAWA TENGAH,Kebumen,3.088175120875899e-38,0.9988622916588055,0.0011377083411945696,1
JAWA TENGAH,Purworejo,1.1520354310880333e-13,0.9940060089031145,0.005993991096770298,1
JAWA TENGAH,Wonosobo,1.4042882595952831e-15,0.9989656969264483,0.0010343030735504295,1
JAWA TENGAH,Magelang,1.0585582574756534e-52,0.9800339318313082,0.019966068168691946,1
JAWA TENGAH,Boyolali,6.107912904855108e-51,0.9760840185123193,0.023915981487680628,1
JAWA TENGAH,Klaten,6.110851957892835e-82,0.9674920785636171,0.032507921436383085,1
JAWA TENGAH,Sukoharjo,5.6683047390465625e-74,0.9548928567210139,0.0451071432789861,1
JAWA TENGAH,Wonogiri,1.253244209192527e-41,0.987600834638589,0.012399165361411071,1
JAWA TENGAH,Karanganyar,1.0573810273956625e-70,0.9493739824930604,0.05062601750693956,1
JAWA TENGAH,Sragen,5.991496276467457e-75,0.9772904015319956,0.022709598468004216,1
JAWA TENGAH,Grobogan,2.4122740592550657e-36,0.9903101260614655,0.009689873938534392,1
JAWA TENGAH,Blora,2.7464945688204036e-28,0.9919914377922371,0.00800856220776287,1
JAWA TENGAH,Rembang,3.3777986031061024e-15,0.9976384328557899,0.0023615671442067925,1
JAWA TENGAH,Pati,5.1285463405999015e-101,0.8685410018302017,0.13145899816979834,1
JAWA TENGAH,Kudus,0.0,4.775821913972318e-10,0.9999999995224176,2
JAWA TENGAH,Jepara,2.586757731929436e-42,0.9853748554410265,0.014625144558973461,1
JAWA TENGAH,Demak,6.595429342366272e-31,0.990510779730065,0.009489220269935105,1
JAWA TENGAH,Semarang,4.7974675259512665e-133,0.592174026773219,0.40782597322678105,1
JAWA TENGAH,Temanggung,1.5637362800336657e-18,0.9936925044144395,0.006307495585560652,1
JAWA TENGAH,Kendal,3.4266042605483015e-100,0.813923050189135,0.1860769498108652,1
JAWA TENGAH,Batang,1.2365707104458448e-18,0.9772531335603948,0.022746866439605173,1
JAWA TENGAH,Pekalongan,3.705041554676549e-22,0.990417968361496,0.009582031638504018,1
JAWA TENGAH,Pemalang,5.893738920569555e-32,0.9974441416966658,0.0025558583033344286,1
JAWA TENGAH,Tegal,9.043783446147278e-59,0.7669808354567079,0.23301916454329194,1
JAWA TENGAH,Brebes,5.480196505224999e-118,0.9879017419012135,0.012098258098786644,1
JAWA TENGAH,Kota Magelang,0.27672214005338586,0.5920655590812002,0.13121230086541405,1
JAWA TENGAH,Kota Surakarta,3.7048106920524013e-135,0.49423164890400223,0.5057683510959977,2
JAWA TENGAH,Kota Salatiga,0.00044622987212809557,0.9708184372465418,0.02873533288132986,1
JAWA TENGAH,Kota Semarang,0.0,3.658144147651983e-55,1.0,2
JAWA TENGAH,Kota Pekalongan,0.061936584960090434,0.900485084504787,0.037578330535122606,1
JAWA TENGAH,Kota Tegal,5.244223149556923e-07,0.9239845249293192,0.07601495064836572,1
D I YOGYAKARTA,Kulon Progo,0.0004317137958005841,0.9987926036414313,0.0007756825627682166,1
D I YOGYAKARTA,Bantul,1.9171296613885327e-35,0.9935863681530546,0.00641363184694543,1
D I YOGYAKARTA,Gunung Kidul,1.1465850516239638e-16,0.9989004318619203,0.0010995681380795907,1
D I YOGYAKARTA,Sleman,2.3786956839464902e-132,0.600757913994892,0.39924208600510774,1
D I YOGYAKARTA,Kota Yogyakarta,5.327804970713693e-76,0.760928652304284,0.23907134769571586,1
JAWA TIMUR,Pacitan,1.689328231923336e-08,0.9971865354534871,0.00281344765323069,1
JAWA TIMUR,Ponorogo,7.453345605979998e-16,0.9909289922521833,0.009071007747815902,1
JAWA TIMUR,Trenggalek,4.955799152689974e-12,0.9939254666927456,0.0060745333022985395,1
JAWA TIMUR,Tulungagung,2.6823763800259234e-71,0.9509246763978794,0.04907532360212053,1
JAWA TIMUR,Blitar,3.477009037408016e-63,0.9681708635812682,0.03182913641873153,1
JAWA TIMUR,Kediri,1.9990823714588042e-86,0.9359847331491878,0.06401526685081224,1
JAWA TIMUR,Malang,0.0,4.559991006093117e-09,0.9999999954400094,2
JAWA TIMUR,Lumajang,4.20611415489051e-47,0.982676638415428,0.01732336158457197,1
JAWA TIMUR,Jember,0.0,0.0001573019380607912,0.9998426980619392,2
JAWA TIMUR,Banyuwangi,0.0,6.796370265800765e-05,0.9999320362973415,2
JAWA TIMUR,Bondowoso,7.629928678071316e-15,0.9961544247177617,0.0038455752822306993,1
JAWA TIMUR,Situbondo,4.7887305204772726e-14,0.994115130042513,0.005884869957439103,1
JAWA TIMUR,Probolinggo,5.904053882927592e-56,0.9991494309333191,0.0008505690666810771,1
JAWA TIMUR,Pasuruan,0.0,1.3243304035283189e-28,1.0,2
JAWA TIMUR,Sidoarjo,0.0,5.0906237693072076e-51,1.0,2
JAWA TIMUR,Mojokerto,0.0,4.000556597343452e-06,0.9999959994434027,2
JAWA TIMUR,Jombang,2.892667671263956e-79,0.9034444357645186,0.09655556423548146,1
JAWA TIMUR,Nganjuk,9.099457846997209e-30,0.9888136169536603,0.011186383046339607,1
JAWA TIMUR,Madiun,9.574558150723276e-13,0.9908701573607926,0.009129842638249898,1
JAWA TIMUR,Magetan,8.096344188214508e-13,0.9925338222005715,0.007466177798618832,1
JAWA TIMUR,Ngawi,9.349069369962174e-15,0.9972899182480678,0.00271008175192292,1
JAWA TIMUR,Bojonegoro,0.0,8.739353981291734e-08,0.9999999126064598,2
JAWA TIMUR,Tuban,2.321185299050135e-217,0.3238565734861814,0.6761434265138185,2
JAWA TIMUR,Lamongan,2.5656028727350823e-78,0.9749261159659226,0.02507388403407764,1
JAWA TIMUR,Gresik,0.0,3.293005167554079e-23,1.0,2
JAWA TIMUR,Bangkalan,5.204133629734588e-26,0.9999443894058506,5.561059414916333e-05,1
JAWA TIMUR,Sampang,2.6243150860937123e-16,0.9999903026022458,9.697397753826836e-06,1
JAWA TIMUR,Pamekasan,3.784975072302381e-09,0.9972616806934901,0.0027383155215347987,1
JAWA TIMUR,Sumenep,3.572472435057468e-60,0.9994230030706651,0.0005769969293352962,1
JAWA TIMUR,Kota Kediri,0.0,8.845975149563173e-17,1.0,2
JAWA TIMUR,Kota Blitar,0.6691496814621458,0.31519004545054013,0.0156602730873141,0
JAWA TIMUR,Kota Malang,5.869267479831e-311,0.0002661600976105352,0.9997338399023891,2
JAWA TIMUR,Kota Probolinggo,0.011315212291549234,0.9601820335615265,0.028502754146924235,1
JAWA TIMUR,Kota Pasuruan,0.5065115521500608,0.47983751741823566,0.013650930431703373,0
JAWA TIMUR,Kota Mojokerto,0.6908802094455041,0.2946676483891073,0.014452142165388518,0
JAWA TIMUR,Kota Madiun,2.0465572840494083e-05,0.9450951575835697,0.054884376843589724,1
JAWA TIMUR,Kota Surabaya,0.0,0.0,1.0,2
JAWA TIMUR,Kota Batu,1.445665241735515e-06,0.9887929293777045,0.011205624957053717,1
BANTEN,Pandeglang,1.0452526201887644e-34,0.9622625142953299,0.037737485704670025,1
BANTEN,Lebak,2.3367110669241357e-39,0.9528618003072228,0.047138199692777355,1
BANTEN,Tangerang,0.0,7.096066364174507e-22,1.0,2
BANTEN,Serang,0.0,8.233075963853105e-05,0.9999176692403613,2
BANTEN,Kota Tangerang,0.0,3.738033753685069e-27,1.0,2
BANTEN,Kota Cilegon,0.0,5.2916245823117486e-12,0.9999999999947082,2
BANTEN,Kota Serang,2.7306311461928612e-47,0.832998276613184,0.16700172338681593,1
BANTEN,Kota Tangerang Selatan,0.0,1.1533652979690328e-06,0.9999988466347024,2
BALI,Jembrana,0.00349116586988606,0.9932587627002828,0.003250071429831202,1
BALI,Tabanan,3.437406198502741e-14,0.9967525116854415,0.003247488314524126,1
BALI,Badung,2.922862939372235e-77,0.9519537378102987,0.048046262189701365,1
BALI,Gianyar,1.2098463231534248e-21,0.9815988828340514,0.018401117165948666,1
BALI,Klungkung,0.6098850126889728,0.3856872208026016,0.004427766508425687,0
BALI,Bangli,0.6166593514253783,0.3828863454155364,0.0004543031590854885,0
BALI,Karang Asem,2.8884533050239595e-06,0.9974664339317605,0.0025306776149344712,1
BALI,Buleleng,1.4012811066311888e-40,0.9833462128037138,0.016653787196286105,1
BALI,Kota Denpasar,1.6330176976780784e-100,0.8721769846835188,0.12782301531648127,1
NUSA TENGGARA BARAT,Lombok Barat,6.147464761778306e-07,0.9963049414299935,0.0036944438235302856,1
NUSA TENGGARA BARAT,Lombok Tengah,2.703804195473421e-10,0.9958030979320194,0.004196901797600147,1
NUSA TENGGARA BARAT,Lombok Timur,9.970275506342778e-17,0.9972418429999298,0.002758157000070221,1
NUSA TENGGARA BARAT,Sumbawa,2.063707680745411e-06,0.99564070424983,0.004357232042489251,1
NUSA TENGGARA BARAT,Dompu,0.6128386299562902,0.3843831090105525,0.0027782610331572723,0
NUSA TENGGARA BARAT,Bima,0.002176387568067243,0.9947099958747334,0.003113616557199387,1
NUSA TENGGARA BARAT,Sumbawa Barat,4.835486408210186e-22,0.9926373212337376,0.007362678766262294,1
NUSA TENGGARA BARAT,Lombok Utara,0.9993635277105579,0.0006364714798069366,8.096351950104323e-10,0
NUSA TENGGARA BARAT,Kota Mataram,3.065134551386155e-12,0.9882308072162039,0.011769192780730962,1
NUSA TENGGARA BARAT,Kota Bima,0.6582392715311394,0.33811829937328564,0.0036424290955749043,0
NUSA TENGGARA TIMUR,Sumba Barat,0.9998931840464089,0.00010681591485628658,3.8734770878676954e-11,0
NUSA TENGGARA TIMUR,Sumba Timur,0.9997517781160848,0.00024822187790972486,6.005246262383511e-12,0
NUSA TENGGARA TIMUR,Kupang,0.9667120047746983,0.033286676306375045,1.3189189264845207e-06,0
NUSA TENGGARA TIMUR,Timor Tengah Selatan,0.9929925421199242,0.007007449463699657,8.416376119916985e-09,0
NUSA TENGGARA TIMUR,Timor Tengah Utara,0.9938419839127408,0.006157546087447655,4.699998115842944e-07,0
NUSA TENGGARA TIMUR,Belu,0.8964202520985548,0.10264326362099487,0.0009364842804503037,0
NUSA TENGGARA TIMUR,Alor,0.9869641953674889,0.013031815208181979,3.98942432906786e-06,0
NUSA TENGGARA TIMUR,Lembata,0.9992500385572115,0.0007499593481467186,2.0946418496240426e-09,0
NUSA TENGGARA TIMUR,Flores Timur,0.752056790636379,0.24483382906353973,0.003109380300081298,0
NUSA TENGGARA TIMUR,Sikka,0.8257578772381583,0.1719636727844519,0.0022784499773897357,0
NUSA TENGGARA TIMUR,Ende,0.9917399206884823,0.008259932998857236,1.4631266047888395e-07,0
NUSA TENGGARA TIMUR,Ngada,0.7311361199461097,0.26622202556430713,0.0026418544895831265,0
NUSA TENGGARA TIMUR,Manggarai,0.9820894669389806,0.017903208910706132,7.324150313314854e-06,0
NUSA TENGGARA TIMUR,Rote Ndao,0.9998555656892834,0.00014443427093760116,3.9779069749276984e-11,0
NUSA TENGGARA TIMUR,Manggarai Barat,0.9451542248679798,0.05468160737040036,0.0001641677616198341,0
NUSA TENGGARA TIMUR,Sumba Tengah,0.9999994844651948,5.155348051668743e-07,5.878517644387173e-17,0
NUSA TENGGARA TIMUR,Sumba Barat Daya,0.999850392080097,0.00014960786672590026,5.3177118758086256e-11,0
NUSA TENGGARA TIMUR,Nagekeo,0.5327332017898093,0.46420898790963805,0.00305781030055261,0
NUSA TENGGARA TIMUR,Manggarai Timur,0.9995375942592665,0.00046240452745503513,1.213278556271171e-09,0
NUSA TENGGARA TIMUR,Sabu Raijua,0.9999723318418975,2.7668156552084183e-05,1.5503969295205558e-12,0
NUSA TENGGARA TIMUR,Malaka,0.8847549493558868,0.11470375739041809,0.000541293253695057,0
NUSA TENGGARA TIMUR,Kota Kupang,1.9688806006703206e-20,0.8524726823512514,0.14752731764874866,1
KALIMANTAN BARAT,Sambas,1.9713147234071516e-13,0.9936462215901342,0.006353778409668713,1
KALIMANTAN BARAT,Bengkayang,0.4880494522259652,0.5080711938362118,0.0038793539378230812,1
KALIMANTAN BARAT,Landak,0.03497456845799969,0.9583003486088327,0.006725082933167747,1
KALIMANTAN BARAT,Pontianak,0.6659400287382855,0.31117676639370195,0.02288320486801241,0
KALIMANTAN BARAT,Sanggau,2.9614469403326056e-12,0.9980223078657127,0.001977692131325679,1
KALIMANTAN BARAT,Ketapang,1.8312639921538428e-29,0.9719785538911955,0.028021446108804592,1
KALIMANTAN BARAT,Sintang,5.341399293077573e-05,0.992305124538236,0.007641461468833172,1
KALIMANTAN BARAT,Kapuas Hulu,0.21228068721560056,0.7799037562384236,0.007815556545975896,1
KALIMANTAN BARAT,Sekadau,0.6550435698023301,0.34378192410039604,0.0011745060972738934,0
KALIMANTAN BARAT,Melawi,0.7543724350858679,0.24367028851179118,0.0019572764023409574,0
KALIMANTAN BARAT,Kayong Utara,0.6360808916224807,0.35914786183881325,0.004771246538706067,0
KALIMANTAN BARAT,Kubu Raya,1.1339995370977165e-26,0.9810712596401538,0.018928740359846187,1
KALIMANTAN BARAT,Kota Pontianak,1.4891026012709103e-53,0.2800302096790501,0.7199697903209502,2
KALIMANTAN BARAT,Kota Singkawang,0.278261773180146,0.5889836576293844,0.13275456919046977,1
KALIMANTAN TENGAH,Kotawaringin Barat,1.197844964356013e-11,0.997033730990379,0.002966268997642617,1
KALIMANTAN TENGAH,Kotawaringin Timur,4.72988450172529e-26,0.9904126894826476,0.00958731051735235,1
KALIMANTAN TENGAH,Kapuas,8.288134828978419e-07,0.9945106035529896,0.005488567633527416,1
KALIMANTAN TENGAH,Barito Selatan,0.730225704072896,0.26872954926427955,0.0010447466628243445,0
KALIMANTAN TENGAH,Barito Utara,0.16901518818136582,0.8240287664226793,0.006956045395954906,1
KALIMANTAN TENGAH,Sukamara,0.656449975323156,0.3421099579796656,0.0014400666971784559,0
KALIMANTAN TENGAH,Lamandau,0.6792162613117455,0.32055632378098037,0.00022741490727431164,0
KALIMANTAN TENGAH,Seruyan,0.40096079081697716,0.5941831601137711,0.004856049069251734,1
KALIMANTAN TENGAH,Katingan,0.7020220674300219,0.294432076774364,0.0035458557956141424,0
KALIMANTAN TENGAH,Pulang Pisau,0.660658908105223,0.33891095235316104,0.0004301395416159385,0
KALIMANTAN TENGAH,Gunung Mas,0.6799826757684669,0.3191125935398674,0.0009047306916658831,0
KALIMANTAN TENGAH,Barito Timur,0.5516536329923993,0.44661457685942424,0.0017317901481765665,0
KALIMANTAN TENGAH,Murung Raya,0.39133475693610403,0.6067846606852916,0.0018805823786043003,1
KALIMANTAN TENGAH,Kota Palangka Raya,8.455515225993256e-06,0.9941335129632209,0.005858031521553214,1
KALIMANTAN SELATAN,Tanah Laut,1.681920358573026e-05,0.9981108628913465,0.0018723179050676789,1
KALIMANTAN SELATAN,Kota Baru,3.954009025879754e-24,0.9913922857874853,0.008607714212514711,1
KALIMANTAN SELATAN,Banjar,6.295985165572499e-08,0.9988029841276524,0.001196952912495952,1
KALIMANTAN SELATAN,Barito Kuala,0.45566416848297414,0.543086349262893,0.0012494822541330134,1
KALIMANTAN SELATAN,Tapin,0.45038056917004804,0.5476580859325965,0.001961344897355407,1
KALIMANTAN SELATAN,Hulu Sungai Selatan,0.62528159741597,0.3741873816337822,0.0005310209502476654,0
KALIMANTAN SELATAN,Hulu Sungai Tengah,0.6405014403852963,0.3576839259993597,0.001814633615343989,0
KALIMANTAN SELATAN,Hulu Sungai Utara,0.6912865557000729,0.304397636638443,0.004315807661484147,0
KALIMANTAN SELATAN,Tabalong,6.758744661853769e-16,0.9960730215045461,0.0039269784954532455,1
KALIMANTAN SELATAN,Tanah Bumbu,8.175433701809619e-18,0.9833426040963286,0.016657395903671476,1
KALIMANTAN SELATAN,Balangan,0.00021614235471600335,0.9977322824993066,0.0020515751459773976,1
KALIMANTAN SELATAN,Kota Banjarmasin,4.579469318923067e-43,0.9234428084673012,0.07655719153269876,1
KALIMANTAN SELATAN,Kota Banjar Baru,0.5049640743090131,0.4905709549620001,0.004464970728986909,0
KALIMANTAN TIMUR,Paser,9.406199333700206e-140,0.544103047607749,0.4558969523922512,1
KALIMANTAN TIMUR,Kutai Barat,2.610691347511606e-41,0.9808323760108196,0.019167623989180347,1
KALIMANTAN TIMUR,Kutai Kartanegara,0.0,1.4423388027903972e-40,1.0,2
KALIMANTAN TIMUR,Kutai Timur,0.0,9.8992353023757e-20,1.0,2
KALIMANTAN TIMUR,Berau,1.4009948363016596e-78,0.9315925076986882,0.06840749230131198,1
KALIMANTAN TIMUR,Penajam Paser Utara,0.19829327445110456,0.7981308374987922,0.0035758880501031713,1
KALIMANTAN TIMUR,Mahakam Hulu,0.5984151238030403,0.39682795024289397,0.004756925954065538,0
KALIMANTAN TIMUR,Kota Balikpapan,0.0,2.0499439390860485e-16,1.0,2
KALIMANTAN TIMUR,Kota Samarinda,1.80778311933925e-228,0.014167891513372773,0.9858321084866272,2
KALIMANTAN TIMUR,Kota Bontang,6.771318824458421e-163,0.09571331992189752,0.9042866800781024,2
KALIMANTAN UTARA,Malinau,0.010995515003199308,0.9824056566567759,0.006598828340024858,1
KALIMANTAN UTARA,Bulungan,2.909514211698776e-09,0.9906470602130719,0.009352936877413865,1
KALIMANTAN UTARA,Tana Tidung,0.7310292719174354,0.2659439336299961,0.0030267944525684673,0
KALIMANTAN UTARA,Nunukan,4.5403218197353363e-20,0.9932082032613673,0.006791796738632654,1
KALIMANTAN UTARA,Kota Tarakan,1.4566779996300774e-46,0.981120740317534,0.0188792596824661,1
SULAWESI UTARA,Bolaang Mongondow,0.49993796555112563,0.49368423854756865,0.00637779590130573,0
SULAWESI UTARA,Minahasa,1.0576425095210351e-08,0.9818942396153292,0.018105749808245645,1
SULAWESI UTARA,Kepulauan Sangihe,0.7505153146408834,0.24446572142430348,0.005018963934813141,0
SULAWESI UTARA,Kepulauan Talaud,0.37734093813855507,0.6182103472869194,0.004448714574525535,1
SULAWESI UTARA,Minahasa Selatan,0.26645756372580204,0.7225824207126476,0.010960015561550534,1
SULAWESI UTARA,Minahasa Utara,0.00017018422585247613,0.9242001366906418,0.07562967908350587,1
SULAWESI UTARA,Bolaang Mongondow Utara,0.3774689516171805,0.6036418567057632,0.018889191677056338,1
SULAWESI UTARA,Siau Tagulandang Biaro,0.39818590150295846,0.5947542828663809,0.007059815630660581,1
SULAWESI UTARA,Minahasa Tenggara,0.7771786507692072,0.22073270302354814,0.002088646207244582,0
SULAWESI UTARA,Bolaang Mongondow Selatan,0.5630103621423326,0.427911186306034,0.00907845155163341,0
SULAWESI UTARA,Bolaang Mongondow Timur,0.37146759816456953,0.6063205644611759,0.022211837374254632,1
SULAWESI UTARA,Kota Manado,1.0415788335518611e-60,0.30823317063509764,0.6917668293649025,2
SULAWESI UTARA,Kota Bitung,1.168835545996768e-07,0.752232791920789,0.24776709119565635,1
SULAWESI UTARA,Kota Tomohon,0.5449698450439132,0.32987126063140915,0.12515889432467767,0
SULAWESI UTARA,Kota Kotamobagu,0.4907665901586823,0.4638420755178748,0.04539133432344303,0
SULAWESI TENGAH,Banggai Kepulauan,0.8144143360623468,0.1841396580092292,0.0014460059284239065,0
SULAWESI TENGAH,Banggai,1.515633624961698e-29,0.9914837750444199,0.008516224955580225,1
SULAWESI TENGAH,Morowali,0.0,0.00036167574866422805,0.9996383242513355,2
SULAWESI TENGAH,Poso,0.1486629866113414,0.8490828585156421,0.0022541548730162925,1
SULAWESI TENGAH,Donggala,0.0009084516723781194,0.9972779227585858,0.0018136255690362128,1
SULAWESI TENGAH,Toli-Toli,0.3911160400041827,0.6052591141864065,0.003624845809410816,1
SULAWESI TENGAH,Buol,0.8141412971090026,0.18448530476611016,0.0013733981248871898,0
SULAWESI TENGAH,Parigi Moutong,1.898334810539284e-09,0.9972678999307607,0.0027320981709044938,1
SULAWESI TENGAH,Tojo Una-Una,0.8970240546137765,0.10265574436286182,0.0003202010233616384,0
SULAWESI TENGAH,Sigi,0.14665232403725598,0.8489372880827635,0.004410387879980437,1
SULAWESI TENGAH,Banggai Laut,0.7375753006350049,0.25996973366914655,0.002454965695848605,0
SULAWESI TENGAH,Morowali Utara,0.00025736556949476776,0.9954516392807644,0.004290995149740947,1
SULAWESI TENGAH,Kota Palu,1.4308353320740258e-19,0.9591521782528332,0.04084782174716695,1
SULAWESI SELATAN,Kepulauan Selayar,0.7637570511686241,0.23439357371188468,0.00184937511949119,0
SULAWESI SELATAN,Bulukumba,0.0007766248658220427,0.9950514318047204,0.0041719433294574795,1
SULAWESI SELATAN,Bantaeng,0.30484196960616294,0.6881112917843597,0.007046738609477457,1
SULAWESI SELATAN,Jeneponto,0.043826620546075064,0.9523471180602905,0.003826261393634523,1
SULAWESI SELATAN,Takalar,0.12353250894457443,0.8696416069793714,0.006825884076054165,1
SULAWESI SELATAN,Gowa,2.5327669200032426e-16,0.9925723291975564,0.00742767080244331,1
SULAWESI SELATAN,Sinjai,0.021590163715460305,0.9737501315655727,0.004659704718966911,1
SULAWESI SELATAN,Maros,9.549287292005937e-10,0.9794085399427495,0.02059145910232172,1
SULAWESI SELATAN,Pangkajene Dan Kepulauan,5.421393534232933e-26,0.9936637697013265,0.006336230298673354,1
SULAWESI SELATAN,Barru,0.6400043654042238,0.3408764035814401,0.01911923101433601,0
SULAWESI SELATAN,Bone,2.396587824741205e-50,0.979646457781952,0.02035354221804795,1
SULAWESI SELATAN,Soppeng,0.03958755599848226,0.9541855493279191,0.006226894673598597,1
SULAWESI SELATAN,Wajo,4.5590380402729404e-12,0.9943761629991273,0.005623836996313723,1
SULAWESI SELATAN,Sidenreng Rappang,0.004821126738687652,0.9898058450102794,0.005373028251032965,1
SULAWESI SELATAN,Pinrang,1.7156221489851008e-12,0.9924472224516774,0.007552777546607098,1
SULAWESI SELATAN,Enrekang,0.5998966120140212,0.3976418862532394,0.0024615017327394265,0
SULAWESI SELATAN,Luwu,1.730225826478247e-06,0.9917182747296965,0.00827999504447705,1
SULAWESI SELATAN,Tana Toraja,0.6504208679214621,0.34687509189613497,0.0027040401824029794,0
SULAWESI SELATAN,Luwu Utara,0.001410776360702958,0.9928940080455637,0.005695215593733347,1
SULAWESI SELATAN,Luwu Timur,6.32866547770953e-19,0.990693046992364,0.009306953007636027,1
SULAWESI SELATAN,Toraja Utara,0.47833030087274686,0.51826812223132,0.0034015768959330538,1
SULAWESI SELATAN,Kota Makassar,0.0,8.330023834299127e-39,1.0,2
SULAWESI SELATAN,Kota Parepare,0.7012152704766126,0.28909804062311123,0.009686688900276116,0
SULAWESI SELATAN,Kota Palopo,0.45061860953833377,0.43061791135812827,0.11876347910353782,0
SULAWESI TENGGARA,Buton,0.8368323570023828,0.16097659877457648,0.0021910442230406867,0
SULAWESI TENGGARA,Muna,0.6322368241027636,0.363603622157305,0.0041595537399313895,0
SULAWESI TENGGARA,Konawe,0.011667848608509558,0.9801955843180286,0.008136567073461934,1
SULAWESI TENGGARA,Kolaka,8.632803980787489e-32,0.991496701207768,0.008503298792231917,1
SULAWESI TENGGARA,Konawe Selatan,0.000639558104353985,0.9943898357506635,0.004970606144982563,1
SULAWESI TENGGARA,Bombana,0.6083673263961813,0.38836240944532624,0.00327026415849251,0
SULAWESI TENGGARA,Wakatobi,0.8554249799324931,0.1438682029670293,0.000706817100477588,0
SULAWESI TENGGARA,Kolaka Utara,0.15045152148201887,0.8450247797014907,0.004523698816490403,1
SULAWESI TENGGARA,Buton Utara,0.8464088571525447,0.1526089176847261,0.000982225162729287,0
SULAWESI TENGGARA,Konawe Utara,0.8483443431403181,0.1505288601321304,0.0011267967275513735,0
SULAWESI TENGGARA,Kolaka Timur,0.8489110209521388,0.15002128783447916,0.0010676912133820633,0
SULAWESI TENGGARA,Konawe Kepulauan,0.8804066967507039,0.11931493372147813,0.0002783695278178678,0
SULAWESI TENGGARA,Muna Barat,0.7578376547416438,0.24019594899619692,0.0019663962621593945,0
SULAWESI TENGGARA,Buton Tengah,0.8482116321491532,0.15081316072161358,0.0009752071292332763,0
SULAWESI TENGGARA,Buton Selatan,0.8183301858842769,0.1799737977949674,0.0016960163207557235,0
SULAWESI TENGGARA,Kota Kendari,9.312793265213883e-22,0.9933502995606887,0.006649700439311314,1
SULAWESI TENGGARA,Kota Baubau,0.2058770829452348,0.759355300783424,0.03476761627134121,1
GORONTALO,Boalemo,0.9589367179515633,0.04102319253249802,4.008951593859545e-05,0
GORONTALO,Gorontalo,8.47369478878239e-05,0.9989083978195444,0.0010068652325677216,1
GORONTALO,Pohuwato,0.8487578055660417,0.15104842137802507,0.00019377305593332143,0
GORONTALO,Bone Bolango,0.910307906582342,0.08934485035606587,0.00034724306159214323,0
GORONTALO,Gorontalo Utara,0.9268463547983268,0.07296847798356534,0.00018516721810783482,0
GORONTALO,Kota Gorontalo,0.37019225654782556,0.6255882448538512,0.0042194985983233044,1
SULAWESI BARAT,Majene,0.834854304451851,0.16416165104542227,0.0009840445027266096,0
SULAWESI BARAT,Polewali Mandar,4.0367734996860895e-05,0.9973451941483821,0.002614438116620972,1
SULAWESI BARAT,Mamasa,0.7736507200860274,0.2248057207571163,0.0015435591568562289,0
SULAWESI BARAT,Mamuju,0.0064592303274178435,0.9878182670255655,0.00572250264701671,1
SULAWESI BARAT,Mamuju Utara,0.09071948309103023,0.907690822441616,0.0015896944673537163,1
SULAWESI BARAT,Mamuju Tengah,0.47085484466741967,0.526710733839693,0.002434421492887312,1
MALUKU,Maluku Tenggara Barat,0.9997239543456596,0.0002760454591827273,1.951575559238061e-10,0
MALUKU,Maluku Tenggara,0.9943708970230352,0.005628602737025638,5.002399391740541e-07,0
MALUKU,Maluku Tengah,0.5925394910920491,0.40703661452196643,0.0004238943859840211,0
MALUKU,Buru,0.8991421431169445,0.10038078617704271,0.0004770707060128319,0
MALUKU,Kepulauan Aru,0.9994977501108201,0.0005022485081953861,1.3809846159969633e-09,0
MALUKU,Seram Bagian Barat,0.9987299539404516,0.0012700374006047476,8.658943611104136e-09,0
MALUKU,Seram Bagian Timur,0.9961430891159974,0.003856708522549369,2.0236145337030088e-07,0
MALUKU,Maluku Barat Daya,0.9999575228696932,4.2477126533556365e-05,3.773248713386034e-12,0
MALUKU,Buru Selatan,0.7084223852254845,0.2902114440399471,0.0013661707345683368,0
MALUKU,Kota Ambon,2.182945306838872e-05,0.4107699207833629,0.5892082497635692,2
MALUKU,Kota Tual,0.9894323456821291,0.010566110302824179,1.544015046878447e-06,0
MALUKU UTARA,Halmahera Barat,0.3596284903432866,0.633193598698297,0.0071779109584162275,1
MALUKU UTARA,Halmahera Tengah,0.6156214919870193,0.38104512803118173,0.0033333799817989044,0
MALUKU UTARA,Kepulauan Sula,0.3525375847514579,0.6425439293030781,0.004918485945463983,1
MALUKU UTARA,Halmahera Selatan,0.20904388328861354,0.7900078904789567,0.0009482262324298135,1
MALUKU UTARA,Halmahera Utara,0.7015093752650332,0.2641732078765868,0.03431741685838019,0
MALUKU UTARA,Halmahera Timur,0.8427075325126449,0.15333259003757718,0.003959877449777983,0
MALUKU UTARA,Pulau Morotai,0.13146815334888368,0.8191420665690885,0.04938978008202797,1
MALUKU UTARA,Pulau Taliabu,0.1634939830387348,0.787526691488177,0.04897932547308822,1
MALUKU UTARA,Kota Ternate,0.21445686722149906,0.780981043298035,0.004562089480465892,1
MALUKU UTARA,Kota Tidore Kepulauan,0.40900602789758456,0.5882789117395965,0.002715060362818873,1
PAPUA BARAT,Fakfak,0.989729796437508,0.010269174786587083,1.0287759049322701e-06,0
PAPUA BARAT,Kaimana,0.8558791027806819,0.14337445159844558,0.0007464456208724863,0
PAPUA BARAT,Teluk Wondama,0.9999928290093343,7.170990641694792e-06,2.3947552313639838e-14,0
PAPUA BARAT,Teluk Bintuni,1.2060369981984612e-67,0.9999999944393245,5.560674608406163e-09,1
PAPUA BARAT,Manokwari,0.354214868131082,0.6455522141334178,0.00023291773550065866,1
PAPUA BARAT,Sorong Selatan,0.9315008211342869,0.06837096635556367,0.00012821251014938167,0
PAPUA BARAT,Sorong,0.0056821440565979564,0.9943177042274344,1.5171596687751876e-07,1
PAPUA BARAT,Raja Ampat,0.9410246594835188,0.05881594852419264,0.00015939199228858625,0
PAPUA BARAT,Tambrauw,0.999999064174196,9.358258035102585e-07,2.313839610866292e-16,0
PAPUA BARAT,Maybrat,0.9999902068249078,9.793175014592062e-06,7.748152011366937e-14,0
PAPUA BARAT,Manokwari Selatan,0.999933380204339,6.66197894079028e-05,6.253074764628722e-12,0
PAPUA BARAT,Pegunungan Arfak,0.9999996271897638,3.7281023603195794e-07,3.877360613767594e-17,0
PAPUA BARAT,Kota Sorong,1.2952369924016189e-05,0.9666746781504216,0.03331236947965431,1
PAPUA,Merauke,1.4065590856223989e-06,0.9952612778534426,0.0047373155874716084,1
PAPUA,Jayawijaya,0.9999965694511116,3.4305488886038764e-06,1.2171710788091167e-18,0
PAPUA,Jayapura,7.596116548570937e-06,0.9629441440668608,0.037048259816590434,1
PAPUA,Nabire,0.033987775560997247,0.9659987179799139,1.350645908924768e-05,1
PAPUA,Kepulauan Yapen,0.9991663011960914,0.0008336962241115174,2.579797123493862e-09,0
PAPUA,Biak Numfor,0.9936737831248919,0.006326032094744599,1.8478036399292623e-07,0
PAPUA,Paniai,0.9999997260873734,2.7391262640206583e-07,6.275326725849905e-19,0
PAPUA,Puncak Jaya,0.9999999137720722,8.622792773946546e-08,4.1498321342870493e-19,0
PAPUA,Mimika,0.0,8.580254161875237e-09,0.9999999914197462,2
PAPUA,Boven Digoel,0.9718902316264959,0.028078507623059343,3.126075044469122e-05,0
PAPUA,Mappi,0.999359534356811,0.000640463727459771,1.9157291248178078e-09,0
PAPUA,Asmat,0.9983308666719386,0.0016690934466693443,3.988139204105453e-08,0
PAPUA,Yahukimo,0.9999999810979465,1.890205353218181e-08,2.7920257256323143e-21,0
PAPUA,Pegunungan Bintang,0.9999777544444566,2.2245555316055538e-05,2.273329644848813e-13,0
PAPUA,Tolikara,0.9999973265889743,2.6734110209378567e-06,4.709493618747828e-15,0
PAPUA,Sarmi,0.7461306074656402,0.25127019399758393,0.0025991985367759293,0
PAPUA,Keerom,0.8616083136427892,0.1378669358530488,0.0005247505041620696,0
PAPUA,Waropen,0.9999017277602558,9.827223772396475e-05,2.020632831118666e-12,0
PAPUA,Supiori,0.9999999889268842,1.1073115729895626e-08,8.91615543304355e-22,0
PAPUA,Mamberamo Raya,0.9999169505937225,8.304938722692895e-05,1.905047500927272e-11,0
PAPUA,Nduga *,0.9999999766969123,2.3303087465481085e-08,5.2005463108991964e-20,0
PAPUA,Lanny Jaya,0.9999999953328067,4.6671931493949795e-09,5.547831818801835e-22,0
PAPUA,Mamberamo Tengah,0.9999999637642059,3.623579396930733e-08,8.503512247012327e-20,0
PAPUA,Yalimo,0.9999985384209557,1.4615790427726365e-06,1.5798080254228086e-15,0
PAPUA,Puncak,0.9999999369926675,6.300733249861544e-08,3.435996545935596e-19,0
PAPUA,Dogiyai,0.9998725600616095,0.00012743992516092183,1.3229456271770998e-11,0
PAPUA,Intan Jaya,0.999999999883245,1.1675488199888584e-10,1.0944594859966998e-26,0
PAPUA,Deiyai,0.9999999995624553,4.375445061873013e-10,6.892963621332225e-25,0
PAPUA,Kota Jayapura,1.1639599624287757e-46,0.7415135273030794,0.2584864726969203,1
